股票代號,季度名稱,單季 EPS (元),單季營收 (億元)
1258,2023 Q1,1.46,7.34
1259,2023 Q1,1.04,14.34
1259,2023 Q2,1.7,14.98
1259,2023 Q3,1.83,15.96
1259,2023 Q4,0.59,14.66
1259,2024 Q1,1.01,14.87
1259,2024 Q2,1.07,15.22
1259,2024 Q3,0.13,15.62
1259,2024 Q4,-0.17,14.74
1259,2025 Q1,0.27,14.7
1259,2025 Q2,0.66,15.29
1259,2025 Q3,0.1,15.35
1259,2025 Q4,1.42,15.29
1259,2026 Q1,0.06,15.22
1268,2023 Q1,3.01,12.96
1268,2023 Q2,1.79,11.14
1268,2023 Q3,2.01,12.0
1268,2023 Q4,0.81,13.09
1268,2024 Q1,4.73,16.79
1268,2024 Q2,1.54,13.16
1268,2024 Q3,1.47,14.31
1268,2024 Q4,2.31,15.04
1268,2025 Q1,4.39,17.35
1268,2025 Q2,1.76,14.15
1268,2025 Q3,1.55,14.67
1268,2025 Q4,2.42,16.1
1268,2026 Q1,5.87,19.88
1294,2023 Q2,2.65,2.47
1294,2023 Q4,7.66,3.78
1294,2024 Q1,1.84,1.8
1294,2024 Q2,1.83,2.17
1294,2024 Q3,1.69,1.98
1294,2024 Q4,1.08,1.53
1294,2025 Q1,1.17,1.75
1294,2025 Q2,1.27,1.94
1294,2025 Q3,1.0,1.96
1294,2025 Q4,1.23,2.14
1294,2026 Q1,1.41,2.28
1432,2023 Q1,0.17,3.11
1432,2023 Q2,0.11,3.24
1432,2023 Q3,0.48,3.8
1432,2023 Q4,-0.09,3.1
1432,2024 Q1,0.0,3.26
1432,2024 Q2,-0.11,3.18
1432,2024 Q3,-0.07,3.34
1432,2024 Q4,-0.28,3.01
1432,2025 Q1,0.05,3.42
1432,2025 Q2,-0.23,3.33
1432,2025 Q3,-0.18,3.52
1432,2025 Q4,6.39,3.12
1432,2026 Q1,-0.54,1.98
1439,2023 Q1,0.54,0.9
1439,2023 Q2,0.56,0.21
1439,2023 Q3,0.27,0.37
1439,2023 Q4,0.63,0.52
1439,2024 Q1,0.54,0.33
1439,2024 Q2,0.13,0.31
1439,2024 Q3,0.38,0.14
1439,2024 Q4,0.69,0.2
1439,2025 Q1,0.73,1.36
1439,2025 Q2,0.49,0.97
1439,2025 Q3,0.87,2.83
1439,2025 Q4,1.12,2.97
1439,2026 Q1,0.59,0.76
1443,2023 Q1,0.25,1.66
1443,2023 Q2,0.19,1.81
1443,2023 Q3,0.82,2.24
1443,2023 Q4,0.03,2.1
1443,2024 Q1,0.72,2.14
1443,2024 Q2,0.41,2.17
1443,2024 Q3,0.42,2.41
1443,2024 Q4,0.25,2.53
1443,2025 Q1,0.55,2.55
1443,2025 Q2,-0.48,2.52
1443,2025 Q3,0.46,2.45
1443,2025 Q4,0.61,2.29
1443,2026 Q1,0.52,2.25
1453,2023 Q1,0.0,0.0
1453,2023 Q2,0.12,0.0
1453,2023 Q3,-0.08,0.0
1453,2023 Q4,0.53,2.03
1453,2024 Q1,0.15,0.0
1453,2024 Q2,0.12,0.0
1453,2024 Q3,-0.15,0.0
1453,2024 Q4,-0.1,0.0
1453,2025 Q1,-0.12,0.0
1453,2025 Q2,0.01,0.0
1453,2025 Q3,0.15,0.0
1453,2025 Q4,-0.01,0.0
1453,2026 Q1,-0.05,0.0
1456,2023 Q1,-0.63,1.26
1456,2023 Q2,1.31,9.23
1456,2023 Q3,-0.12,4.0
1456,2023 Q4,-0.51,2.36
1456,2024 Q1,-0.46,2.8
1456,2024 Q2,-0.44,2.58
1456,2024 Q3,-0.16,3.05
1456,2024 Q4,2.18,1.99
1456,2025 Q1,-0.48,1.64
1456,2025 Q2,-0.08,2.96
1456,2025 Q3,-0.34,1.61
1456,2025 Q4,4.31,2.07
1456,2026 Q1,-0.43,2.19
1472,2023 Q1,0.36,2.57
1472,2023 Q2,0.85,5.37
1472,2023 Q3,1.55,5.43
1472,2023 Q4,1.2,6.1
1472,2024 Q1,1.13,5.73
1472,2024 Q2,0.26,5.37
1472,2024 Q3,0.51,5.47
1472,2024 Q4,1.43,6.78
1472,2025 Q1,1.76,9.11
1472,2025 Q2,1.72,8.93
1472,2025 Q3,1.62,9.24
1472,2025 Q4,1.3,9.15
1472,2026 Q1,1.78,9.14
1563,2023 Q2,1.45,37.15
1563,2023 Q3,0.71,18.59
1563,2023 Q4,0.73,22.06
1563,2024 Q1,1.17,19.54
1563,2024 Q2,0.72,18.73
1563,2024 Q3,0.79,17.18
1563,2024 Q4,0.64,19.28
1563,2025 Q1,1.53,19.18
1563,2025 Q2,-0.29,17.15
1563,2025 Q3,0.19,17.02
1563,2025 Q4,-0.05,16.43
1563,2026 Q1,0.6,18.72
1593,2023 Q1,0.26,2.38
1593,2023 Q2,0.6,2.77
1593,2023 Q3,0.22,2.68
1593,2023 Q4,0.21,2.83
1593,2024 Q1,0.0,2.43
1593,2024 Q2,0.43,2.63
1593,2024 Q3,0.58,2.9
1593,2024 Q4,0.69,3.23
1593,2025 Q1,0.42,2.76
1593,2025 Q2,0.44,3.07
1593,2025 Q3,0.41,3.08
1593,2025 Q4,0.9,3.65
1593,2026 Q1,0.58,3.05
1598,2023 Q1,-0.9,22.46
1598,2023 Q2,-0.29,15.0
1598,2023 Q3,0.17,16.65
1598,2023 Q4,0.04,23.76
1598,2024 Q1,0.22,17.64
1598,2024 Q2,-0.7,14.99
1598,2024 Q3,-0.84,15.86
1598,2024 Q4,1.75,23.67
1598,2025 Q1,-0.49,18.64
1598,2025 Q2,-1.1,13.02
1598,2025 Q3,0.36,12.81
1598,2025 Q4,-2.12,16.73
1598,2026 Q1,0.25,16.38
1716,2023 Q2,3.23,22.66
1716,2023 Q4,6.71,24.68
1716,2024 Q2,3.28,23.72
1716,2024 Q4,6.35,26.03
1716,2025 Q2,4.08,26.94
1716,2025 Q4,6.67,25.66
1736,2023 Q1,-2.14,70.35
1736,2023 Q2,1.1,86.36
1736,2023 Q3,1.22,96.76
1736,2023 Q4,2.15,127.22
1736,2024 Q1,-0.46,80.26
1736,2024 Q2,0.96,103.08
1736,2024 Q3,1.57,120.75
1736,2024 Q4,5.94,173.76
1736,2025 Q1,0.91,106.1
1736,2025 Q2,0.37,123.06
1736,2025 Q3,2.14,120.42
1736,2025 Q4,5.65,193.72
1736,2026 Q1,0.08,117.92
2062,2023 Q1,-0.2,15.05
2062,2023 Q2,0.5,19.13
2062,2023 Q3,0.72,20.25
2062,2023 Q4,0.55,21.24
2062,2024 Q1,0.73,19.88
2062,2024 Q2,1.07,20.43
2062,2024 Q3,0.38,18.11
2062,2024 Q4,0.55,17.3
2062,2025 Q1,0.19,15.24
2062,2025 Q2,0.12,15.18
2062,2025 Q3,-0.13,16.14
2062,2025 Q4,0.2,16.33
2062,2026 Q1,0.0,16.3
2241,2023 Q1,-0.75,1.71
2241,2023 Q2,-0.59,2.13
2241,2023 Q3,-0.37,2.46
2241,2023 Q4,-0.77,2.53
2241,2024 Q1,-0.31,1.85
2241,2024 Q2,-0.4,1.69
2241,2024 Q3,-0.43,1.69
2241,2024 Q4,-0.84,1.65
2241,2025 Q1,-0.23,1.76
2241,2025 Q2,-0.13,1.46
2241,2025 Q3,-0.24,1.89
2241,2025 Q4,-0.1,2.75
2241,2026 Q1,-0.15,2.18
2340,2023 Q1,0.16,8.32
2340,2023 Q2,0.26,10.12
2340,2023 Q3,0.31,11.21
2340,2023 Q4,-0.03,10.07
2340,2024 Q1,-0.08,9.57
2340,2024 Q2,-0.13,10.81
2340,2024 Q3,-0.39,11.53
2340,2024 Q4,-0.56,11.09
2340,2025 Q1,-0.78,9.67
2340,2025 Q2,-0.86,11.51
2340,2025 Q3,-0.55,11.45
2340,2025 Q4,-0.68,10.63
2340,2026 Q1,-0.49,9.54
2384,2023 Q2,0.0,0.0
2384,2023 Q4,-1.05,0.0
2384,2024 Q2,0.12,0.0
2384,2024 Q4,-0.91,0.0
2384,2025 Q2,-0.28,0.0
2384,2025 Q4,-1.18,0.0
2424,2023 Q1,-0.75,0.26
2424,2023 Q2,-1.12,0.21
2424,2023 Q3,-1.21,0.17
2424,2023 Q4,-0.86,0.43
2424,2024 Q1,-1.21,0.21
2424,2024 Q2,-1.08,0.24
2424,2024 Q3,-0.83,0.26
2424,2024 Q4,-0.23,0.69
2424,2025 Q1,-0.27,0.65
2424,2025 Q2,-0.43,0.38
2424,2025 Q3,-0.6,0.3
2424,2025 Q4,-0.04,0.55
2424,2026 Q1,-0.58,0.37
2429,2023 Q1,-0.4,1.33
2429,2023 Q2,-0.28,1.67
2429,2023 Q3,-0.13,1.11
2429,2023 Q4,0.24,1.02
2429,2024 Q1,-0.33,0.6
2429,2024 Q2,-0.97,0.65
2429,2024 Q3,-0.46,0.78
2429,2024 Q4,-0.48,1.06
2429,2025 Q1,-0.21,1.18
2429,2025 Q2,-0.49,0.83
2429,2025 Q3,-0.23,1.2
2429,2025 Q4,-0.48,1.69
2429,2026 Q1,-0.45,1.09
2432,2023 Q1,0.2,4.15
2432,2023 Q2,0.43,5.03
2432,2023 Q3,0.41,5.71
2432,2023 Q4,0.94,5.96
2432,2024 Q1,0.23,5.73
2432,2024 Q2,0.5,5.97
2432,2024 Q3,0.43,7.1
2432,2024 Q4,0.72,7.26
2432,2025 Q1,0.24,7.56
2432,2025 Q2,0.28,7.16
2432,2025 Q3,0.46,8.47
2432,2025 Q4,0.92,9.54
2432,2026 Q1,0.26,9.51
2442,2023 Q1,-0.28,0.28
2442,2023 Q2,0.77,12.19
2442,2023 Q3,0.23,0.39
2442,2023 Q4,0.96,12.16
2442,2024 Q1,0.67,3.39
2442,2024 Q2,0.25,1.2
2442,2024 Q3,0.03,1.37
2442,2024 Q4,0.26,4.98
2442,2025 Q1,0.29,4.52
2442,2025 Q2,0.25,2.59
2442,2025 Q3,0.12,0.94
2442,2025 Q4,4.59,99.29
2442,2026 Q1,1.14,31.9
2459,2023 Q1,1.12,15.52
2459,2023 Q2,1.21,17.28
2459,2023 Q3,1.65,22.54
2459,2023 Q4,1.48,18.86
2459,2024 Q1,1.44,13.41
2459,2024 Q2,1.47,12.72
2459,2024 Q3,1.3,13.31
2459,2024 Q4,1.1,12.25
2459,2025 Q1,1.35,11.72
2459,2025 Q2,1.41,11.79
2459,2025 Q3,1.63,12.5
2459,2025 Q4,0.78,13.07
2459,2026 Q1,1.41,12.46
2495,2023 Q1,0.26,3.64
2495,2023 Q2,0.07,3.01
2495,2023 Q3,0.55,3.71
2495,2023 Q4,0.0,3.54
2495,2024 Q1,0.45,3.53
2495,2024 Q2,0.57,3.21
2495,2024 Q3,0.68,3.01
2495,2024 Q4,0.53,3.44
2495,2025 Q1,0.32,2.74
2495,2025 Q2,-0.62,2.69
2495,2025 Q3,0.74,2.9
2495,2025 Q4,0.68,3.43
2495,2026 Q1,0.33,3.7
2614,2023 Q1,0.11,13.94
2614,2023 Q2,0.11,14.33
2614,2023 Q3,-0.08,14.89
2614,2023 Q4,-1.18,15.25
2614,2024 Q1,0.02,14.35
2614,2024 Q2,0.42,14.26
2614,2024 Q3,0.2,13.92
2614,2024 Q4,0.59,14.95
2614,2025 Q1,0.28,12.88
2614,2025 Q2,0.56,13.77
2614,2025 Q3,0.64,13.75
2614,2025 Q4,0.57,14.34
2614,2026 Q1,0.3,12.39
2640,2023 Q1,1.88,6.76
2640,2023 Q2,1.61,7.01
2640,2023 Q3,1.68,7.03
2640,2023 Q4,1.91,7.92
2640,2024 Q1,1.94,7.3
2640,2024 Q2,2.0,7.44
2640,2024 Q3,2.47,7.52
2640,2024 Q4,2.52,7.97
2640,2025 Q1,2.15,7.73
2640,2025 Q2,2.19,7.68
2640,2025 Q3,2.17,7.7
2640,2025 Q4,2.5,8.43
2640,2026 Q1,2.36,8.15
2646,2023 Q2,0.18,98.81
2646,2023 Q4,0.08,125.91
2646,2024 Q1,0.3,79.95
2646,2024 Q2,0.11,83.37
2646,2024 Q3,0.25,95.95
2646,2024 Q4,-0.11,96.2
2646,2025 Q1,0.3,111.95
2646,2025 Q2,0.0,107.7
2646,2025 Q3,-0.15,107.32
2646,2025 Q4,-0.07,113.56
2646,2026 Q1,0.3,137.6
2701,2023 Q1,0.05,0.75
2701,2023 Q2,0.12,0.73
2701,2023 Q3,0.25,0.79
2701,2023 Q4,0.1,0.7
2701,2024 Q1,0.06,0.76
2701,2024 Q2,0.18,0.8
2701,2024 Q3,0.27,0.77
2701,2024 Q4,0.01,0.58
2701,2025 Q1,0.1,0.62
2701,2025 Q2,0.16,0.64
2701,2025 Q3,0.23,0.66
2701,2025 Q4,0.07,0.62
2701,2026 Q1,0.11,0.66
2702,2023 Q1,-0.26,3.25
2702,2023 Q2,0.22,3.69
2702,2023 Q3,0.54,3.75
2702,2023 Q4,-0.34,3.65
2702,2024 Q1,0.29,3.33
2702,2024 Q2,0.23,3.73
2702,2024 Q3,-0.19,3.79
2702,2024 Q4,-0.07,3.57
2702,2025 Q1,0.21,3.56
2702,2025 Q2,-1.06,3.49
2702,2025 Q3,0.24,3.39
2702,2025 Q4,0.26,3.65
2702,2026 Q1,0.19,3.64
2704,2023 Q1,0.54,3.86
2704,2023 Q2,1.36,2.75
2704,2023 Q3,-0.15,3.12
2704,2023 Q4,-0.41,3.06
2704,2024 Q1,4.29,3.53
2704,2024 Q2,-0.02,2.97
2704,2024 Q3,-0.91,3.28
2704,2024 Q4,-0.59,3.26
2704,2025 Q1,-1.05,3.76
2704,2025 Q2,0.63,3.07
2704,2025 Q3,1.39,3.13
2704,2025 Q4,-0.4,3.62
2704,2026 Q1,0.16,3.79
2705,2023 Q1,-0.26,4.8
2705,2023 Q2,-0.49,4.61
2705,2023 Q3,-0.09,6.11
2705,2023 Q4,0.33,6.59
2705,2024 Q1,0.0,5.06
2705,2024 Q2,-0.26,4.97
2705,2024 Q3,0.15,6.29
2705,2024 Q4,0.57,6.93
2705,2025 Q1,-0.23,5.18
2705,2025 Q2,-0.09,5.37
2705,2025 Q3,-0.13,5.66
2705,2025 Q4,1.32,6.7
2705,2026 Q1,-0.21,5.11
2706,2023 Q1,0.06,0.82
2706,2023 Q2,0.16,0.86
2706,2023 Q3,0.25,0.86
2706,2023 Q4,0.13,0.89
2706,2024 Q1,0.05,0.85
2706,2024 Q2,0.21,0.83
2706,2024 Q3,0.28,0.97
2706,2024 Q4,0.02,0.9
2706,2025 Q1,0.12,0.89
2706,2025 Q2,0.2,0.87
2706,2025 Q3,0.23,1.08
2706,2025 Q4,0.09,0.94
2706,2026 Q1,0.14,0.9
2707,2023 Q1,2.84,17.39
2707,2023 Q2,2.7,15.99
2707,2023 Q3,2.31,16.3
2707,2023 Q4,3.27,17.98
2707,2024 Q1,3.33,17.47
2707,2024 Q2,2.32,13.88
2707,2024 Q3,1.74,14.47
2707,2024 Q4,3.18,17.14
2707,2025 Q1,3.16,18.55
2707,2025 Q2,2.44,15.8
2707,2025 Q3,2.33,15.7
2707,2025 Q4,3.49,18.28
2707,2026 Q1,5.73,19.46
2712,2023 Q1,0.13,1.57
2712,2023 Q2,0.03,1.45
2712,2023 Q3,0.31,2.15
2712,2023 Q4,0.0,1.38
2712,2024 Q1,-0.09,1.26
2712,2024 Q2,-0.71,0.3
2712,2024 Q3,-0.35,0.95
2712,2024 Q4,-0.26,1.04
2712,2025 Q1,-0.19,1.15
2712,2025 Q2,-0.15,1.22
2712,2025 Q3,0.22,1.86
2712,2025 Q4,-0.27,1.02
2712,2026 Q1,-0.14,1.25
2718,2023 Q1,3.03,8.02
2718,2023 Q2,3.4,9.05
2718,2023 Q3,1.04,2.37
2718,2023 Q4,0.48,2.31
2718,2024 Q1,1.16,3.0
2718,2024 Q2,0.08,0.78
2718,2024 Q3,33.25,37.51
2718,2024 Q4,0.84,1.21
2718,2025 Q1,0.68,0.26
2718,2025 Q2,8.52,17.79
2718,2025 Q3,6.27,11.18
2718,2025 Q4,1.47,0.99
2718,2026 Q1,2.63,1.48
2719,2023 Q1,0.02,1.1
2719,2023 Q2,-0.09,2.45
2719,2023 Q3,0.23,3.92
2719,2023 Q4,1.38,3.51
2719,2024 Q1,0.41,5.46
2719,2024 Q2,1.44,5.23
2719,2024 Q3,0.06,7.38
2719,2024 Q4,-0.64,4.79
2719,2025 Q1,0.16,6.1
2719,2025 Q2,-0.44,4.76
2719,2025 Q3,-0.19,4.54
2719,2025 Q4,0.32,4.23
2719,2026 Q1,0.75,5.23
2722,2023 Q1,0.2,1.87
2722,2023 Q2,0.21,1.97
2722,2023 Q3,0.41,2.36
2722,2023 Q4,-0.12,1.44
2722,2024 Q1,0.21,1.54
2722,2024 Q2,0.0,1.68
2722,2024 Q3,0.11,1.9
2722,2024 Q4,-0.29,1.2
2722,2025 Q1,-0.17,1.34
2722,2025 Q2,-0.1,1.53
2722,2025 Q3,-0.06,1.68
2722,2025 Q4,-0.16,1.14
2722,2026 Q1,-0.21,1.32
2723,2023 Q1,1.38,51.98
2723,2023 Q2,1.47,50.59
2723,2023 Q3,1.27,51.47
2723,2023 Q4,0.08,50.2
2723,2024 Q1,0.89,46.48
2723,2024 Q2,0.43,46.81
2723,2024 Q3,0.84,47.33
2723,2024 Q4,1.12,49.17
2723,2025 Q1,1.18,48.32
2723,2025 Q2,0.65,46.21
2723,2025 Q3,-6.06,43.19
2723,2025 Q4,1.76,43.35
2723,2026 Q1,1.31,40.27
2724,2023 Q1,-0.03,0.07
2724,2023 Q2,-0.07,0.07
2724,2023 Q3,0.11,0.06
2724,2023 Q4,-0.07,1.26
2724,2024 Q1,-0.84,0.18
2724,2024 Q2,0.31,0.57
2724,2024 Q3,3.22,3.9
2724,2024 Q4,0.28,0.74
2724,2025 Q1,-0.04,0.4
2724,2025 Q2,-0.06,0.44
2724,2025 Q3,-0.26,0.31
2724,2025 Q4,0.15,0.54
2724,2026 Q1,-0.43,0.32
2726,2023 Q1,-0.33,1.8
2726,2023 Q2,-1.14,2.18
2726,2023 Q3,-0.07,1.94
2726,2023 Q4,-1.88,1.53
2726,2024 Q1,3.69,1.29
2726,2024 Q2,0.21,1.33
2726,2024 Q3,0.18,1.41
2726,2024 Q4,-0.3,1.61
2726,2025 Q1,-0.67,1.46
2726,2025 Q2,-0.73,1.51
2726,2025 Q3,-0.38,1.48
2726,2025 Q4,-1.78,1.23
2726,2026 Q1,-0.33,1.35
2727,2023 Q1,5.01,56.1
2727,2023 Q2,4.84,53.82
2727,2023 Q3,4.59,58.25
2727,2023 Q4,3.24,55.01
2727,2024 Q1,3.77,56.52
2727,2024 Q2,4.24,53.6
2727,2024 Q3,4.4,57.53
2727,2024 Q4,3.25,55.26
2727,2025 Q1,4.41,59.54
2727,2025 Q2,3.46,54.8
2727,2025 Q3,4.13,58.89
2727,2025 Q4,4.01,61.29
2727,2026 Q1,5.04,65.19
2729,2023 Q1,4.84,14.6
2729,2023 Q2,4.07,13.83
2729,2023 Q3,3.32,15.06
2729,2023 Q4,1.31,13.75
2729,2024 Q1,2.52,15.37
2729,2024 Q2,2.38,15.07
2729,2024 Q3,2.89,16.03
2729,2024 Q4,4.34,14.29
2729,2025 Q1,2.56,15.97
2729,2025 Q2,1.91,14.55
2729,2025 Q3,2.45,15.65
2729,2025 Q4,0.24,14.87
2729,2026 Q1,1.64,16.53
2731,2023 Q1,1.08,32.92
2731,2023 Q2,2.37,55.04
2731,2023 Q3,2.83,66.52
2731,2023 Q4,8.81,60.64
2731,2024 Q1,3.49,59.45
2731,2024 Q2,3.15,74.22
2731,2024 Q3,0.89,80.15
2731,2024 Q4,2.27,69.46
2731,2025 Q1,4.57,71.46
2731,2025 Q2,3.94,78.47
2731,2025 Q3,4.8,74.08
2731,2025 Q4,4.18,76.27
2731,2026 Q1,4.17,81.3
2732,2023 Q1,1.53,9.98
2732,2023 Q2,1.83,10.16
2732,2023 Q3,2.03,10.4
2732,2023 Q4,1.03,10.41
2732,2024 Q1,1.23,9.71
2732,2024 Q2,1.5,10.23
2732,2024 Q3,1.45,10.57
2732,2024 Q4,0.62,9.64
2732,2025 Q1,0.26,9.33
2732,2025 Q2,-0.58,10.32
2732,2025 Q3,0.59,11.67
2732,2025 Q4,0.81,11.68
2732,2026 Q1,1.1,13.42
2734,2023 Q1,0.12,3.61
2734,2023 Q2,0.53,5.7
2734,2023 Q3,0.18,6.41
2734,2023 Q4,-0.26,5.76
2734,2024 Q1,0.1,6.7
2734,2024 Q2,1.56,1.92
2734,2024 Q3,0.14,3.99
2734,2024 Q4,-0.8,3.4
2734,2025 Q1,-0.33,4.03
2734,2025 Q2,-0.29,3.98
2734,2025 Q3,-0.48,4.28
2734,2025 Q4,-0.31,4.14
2734,2026 Q1,0.17,5.57
2736,2023 Q1,0.79,1.82
2736,2023 Q2,-0.24,1.32
2736,2023 Q3,-0.5,1.13
2736,2023 Q4,-0.44,1.02
2736,2024 Q1,-0.13,0.9
2736,2024 Q2,-1.04,0.73
2736,2024 Q3,-0.91,0.8
2736,2024 Q4,0.36,1.42
2736,2025 Q1,-0.15,1.57
2736,2025 Q2,-0.63,1.09
2736,2025 Q3,-0.8,1.01
2736,2025 Q4,-0.16,1.57
2736,2026 Q1,-0.1,1.69
2739,2023 Q1,0.9,11.95
2739,2023 Q2,0.43,11.07
2739,2023 Q3,1.44,11.47
2739,2023 Q4,1.76,13.82
2739,2024 Q1,1.82,13.56
2739,2024 Q2,3.85,11.49
2739,2024 Q3,-0.97,11.27
2739,2024 Q4,0.7,14.01
2739,2025 Q1,0.62,13.99
2739,2025 Q2,0.44,11.99
2739,2025 Q3,-0.05,10.89
2739,2025 Q4,1.35,14.83
2739,2026 Q1,1.3,14.23
2740,2023 Q1,-0.39,0.39
2740,2023 Q2,-0.36,0.39
2740,2023 Q3,-0.51,0.41
2740,2023 Q4,-0.88,0.44
2740,2024 Q1,-1.0,0.48
2740,2024 Q2,-0.65,0.48
2740,2024 Q3,-0.38,0.85
2740,2024 Q4,-2.62,0.55
2740,2025 Q1,-0.53,0.48
2740,2025 Q2,-1.55,0.29
2740,2025 Q3,-0.44,0.31
2740,2025 Q4,-0.67,0.21
2740,2026 Q1,-1.32,0.19
2743,2023 Q1,2.02,7.41
2743,2023 Q2,2.61,11.32
2743,2023 Q3,2.58,14.27
2743,2023 Q4,2.45,17.14
2743,2024 Q1,5.4,18.95
2743,2024 Q2,0.51,16.99
2743,2024 Q3,0.58,16.32
2743,2024 Q4,0.75,16.11
2743,2025 Q1,4.82,17.55
2743,2025 Q2,-1.46,16.29
2743,2025 Q3,1.68,16.02
2743,2025 Q4,-0.32,17.4
2743,2026 Q1,1.71,18.32
2745,2023 Q1,0.9,6.55
2745,2023 Q2,2.26,12.36
2745,2023 Q3,2.34,15.0
2745,2023 Q4,2.35,15.89
2745,2024 Q1,3.11,18.02
2745,2024 Q2,2.75,20.32
2745,2024 Q3,2.64,19.13
2745,2024 Q4,0.57,18.19
2745,2025 Q1,4.29,21.89
2745,2025 Q2,1.0,22.12
2745,2025 Q3,2.94,21.66
2745,2025 Q4,1.78,21.93
2745,2026 Q1,3.44,25.41
2748,2023 Q1,0.86,6.23
2748,2023 Q2,0.35,4.83
2748,2023 Q3,0.61,5.34
2748,2023 Q4,0.95,7.2
2748,2024 Q1,1.35,7.43
2748,2024 Q2,0.33,4.93
2748,2024 Q3,0.26,5.2
2748,2024 Q4,1.19,6.88
2748,2025 Q1,1.03,7.4
2748,2025 Q2,-0.26,5.08
2748,2025 Q3,0.34,4.93
2748,2025 Q4,1.06,6.84
2748,2026 Q1,0.94,7.77
2751,2023 Q2,3.75,5.8
2751,2023 Q4,6.83,6.73
2751,2024 Q1,0.88,3.36
2751,2024 Q2,1.09,3.37
2751,2024 Q3,1.5,3.54
2751,2024 Q4,2.58,3.62
2751,2025 Q1,0.89,3.64
2751,2025 Q2,1.03,4.0
2751,2025 Q3,1.41,5.18
2751,2025 Q4,1.24,4.9
2751,2026 Q1,1.01,5.05
2752,2023 Q1,4.0,7.49
2752,2023 Q2,3.54,7.49
2752,2023 Q3,4.16,8.15
2752,2023 Q4,3.08,7.86
2752,2024 Q1,3.9,8.6
2752,2024 Q2,3.77,8.57
2752,2024 Q3,3.52,9.62
2752,2024 Q4,4.47,9.71
2752,2025 Q1,3.84,10.01
2752,2025 Q2,3.0,9.58
2752,2025 Q3,4.34,10.45
2752,2025 Q4,3.86,10.68
2752,2026 Q1,4.08,10.96
2753,2023 Q1,2.0,17.26
2753,2023 Q2,2.17,17.72
2753,2023 Q3,2.24,19.25
2753,2023 Q4,1.94,19.17
2753,2024 Q1,2.36,19.27
2753,2024 Q2,2.1,19.14
2753,2024 Q3,2.18,20.51
2753,2024 Q4,2.41,21.36
2753,2025 Q1,2.93,21.77
2753,2025 Q2,2.89,21.08
2753,2025 Q3,3.53,22.02
2753,2025 Q4,3.5,23.04
2753,2026 Q1,3.56,22.63
2754,2023 Q1,1.86,11.86
2754,2023 Q2,1.22,12.13
2754,2023 Q3,1.31,13.98
2754,2023 Q4,0.15,12.33
2754,2024 Q1,2.02,14.33
2754,2024 Q2,-0.26,11.83
2754,2024 Q3,0.25,14.91
2754,2024 Q4,0.31,12.81
2754,2025 Q1,-0.34,13.34
2754,2025 Q2,0.9,14.35
2754,2025 Q3,1.29,15.56
2754,2025 Q4,0.51,13.85
2754,2026 Q1,1.42,14.82
2755,2023 Q1,1.32,4.87
2755,2023 Q2,1.12,5.35
2755,2023 Q3,1.19,5.64
2755,2023 Q4,1.13,5.72
2755,2024 Q1,1.16,5.67
2755,2024 Q2,1.47,6.16
2755,2024 Q3,1.66,6.68
2755,2024 Q4,1.55,6.83
2755,2025 Q1,1.67,6.83
2755,2025 Q2,1.78,7.5
2755,2025 Q3,1.8,7.85
2755,2025 Q4,1.77,8.25
2755,2026 Q1,1.65,8.25
2756,2023 Q1,1.02,1.71
2756,2023 Q2,1.67,2.0
2756,2023 Q3,1.93,2.06
2756,2023 Q4,0.39,1.61
2756,2024 Q1,0.76,1.58
2756,2024 Q2,0.77,1.64
2756,2024 Q3,0.39,1.83
2756,2024 Q4,0.48,1.86
2756,2025 Q1,0.53,2.0
2756,2025 Q2,0.68,3.03
2756,2025 Q3,1.5,3.38
2756,2025 Q4,1.22,3.32
2756,2026 Q1,0.51,3.01
2916,2023 Q1,1.21,4.68
2916,2023 Q2,1.13,4.42
2916,2023 Q3,0.35,3.4
2916,2023 Q4,1.92,5.89
2916,2024 Q1,1.38,5.06
2916,2024 Q2,0.72,4.38
2916,2024 Q3,0.42,3.59
2916,2024 Q4,1.74,6.17
2916,2025 Q1,1.21,5.35
2916,2025 Q2,0.93,4.5
2916,2025 Q3,0.29,3.59
2916,2025 Q4,1.53,6.14
2916,2026 Q1,1.26,5.38
2924,2023 Q1,-0.51,0.07
2924,2023 Q2,-0.12,0.12
2924,2023 Q3,-0.15,0.1
2924,2023 Q4,-0.27,0.12
2924,2024 Q1,-0.32,0.08
2924,2024 Q2,-0.17,0.54
2924,2024 Q3,-0.85,0.83
2924,2024 Q4,-0.2,0.19
2924,2025 Q1,-0.22,0.11
2924,2025 Q2,-0.27,0.11
2924,2025 Q3,-0.22,0.17
2924,2025 Q4,-0.46,0.29
2924,2026 Q1,-0.22,0.18
2937,2023 Q1,0.67,9.2
2937,2023 Q2,0.51,10.02
2937,2023 Q3,0.27,8.35
2937,2023 Q4,1.37,13.07
2937,2024 Q1,0.49,10.2
2937,2024 Q2,0.72,10.5
2937,2024 Q3,0.59,9.97
2937,2024 Q4,2.06,15.76
2937,2025 Q1,0.96,11.72
2937,2025 Q2,0.59,11.79
2937,2025 Q3,0.56,11.12
2937,2025 Q4,2.04,17.33
2937,2026 Q1,0.62,12.28
2947,2023 Q1,0.64,4.64
2947,2023 Q2,0.42,4.78
2947,2023 Q3,0.61,5.07
2947,2023 Q4,0.64,5.18
2947,2024 Q1,0.98,5.12
2947,2024 Q2,0.77,5.27
2947,2024 Q3,0.88,5.6
2947,2024 Q4,0.83,5.76
2947,2025 Q1,1.34,5.52
2947,2025 Q2,0.58,5.57
2947,2025 Q3,0.81,5.94
2947,2025 Q4,0.56,5.96
2947,2026 Q1,1.02,5.86
3054,2023 Q1,0.2,0.07
3054,2023 Q2,-0.11,0.1
3054,2023 Q3,-0.18,0.07
3054,2023 Q4,0.16,0.14
3054,2024 Q1,-0.11,0.35
3054,2024 Q2,0.04,0.23
3054,2024 Q3,-0.29,0.24
3054,2024 Q4,-0.04,0.17
3054,2025 Q1,-0.02,0.18
3054,2025 Q2,0.02,0.32
3054,2025 Q3,0.66,0.51
3054,2025 Q4,1.3,0.24
3054,2026 Q1,1.41,1.36
3073,2023 Q1,0.05,0.09
3073,2023 Q2,-0.23,0.13
3073,2023 Q3,-0.4,0.11
3073,2023 Q4,-0.4,0.1
3073,2024 Q1,-0.26,0.09
3073,2024 Q2,-0.35,0.11
3073,2024 Q3,1.58,0.11
3073,2024 Q4,-0.21,0.25
3073,2025 Q1,0.76,0.12
3073,2025 Q2,-0.14,0.18
3073,2025 Q3,-0.36,0.31
3073,2025 Q4,-0.22,0.27
3073,2026 Q1,0.0,0.63
3085,2023 Q1,-0.32,0.2
3085,2023 Q2,-0.37,0.28
3085,2023 Q3,-0.44,0.12
3085,2023 Q4,-0.62,0.13
3085,2024 Q1,-0.31,0.19
3085,2024 Q2,-0.41,0.11
3085,2024 Q3,-0.57,0.11
3085,2024 Q4,-0.4,0.12
3085,2025 Q1,-0.17,0.13
3085,2025 Q2,-0.13,0.14
3085,2025 Q3,-0.16,0.16
3085,2025 Q4,-0.1,0.13
3085,2026 Q1,-0.24,0.12
3089,2023 Q1,0.53,0.09
3089,2023 Q2,0.2,0.18
3089,2023 Q3,1.13,0.03
3092,2023 Q1,-0.81,5.05
3092,2023 Q2,-0.04,5.53
3092,2023 Q3,0.12,5.77
3092,2023 Q4,-0.91,5.24
3092,2024 Q1,-0.09,4.5
3092,2024 Q2,-0.37,5.37
3092,2024 Q3,-1.11,5.29
3092,2024 Q4,-0.51,4.18
3092,2025 Q1,-1.21,4.57
3092,2025 Q2,-2.01,4.2
3092,2025 Q3,-1.09,3.72
3092,2025 Q4,-0.83,3.89
3092,2026 Q1,-0.95,4.14
3130,2023 Q1,2.85,5.31
3130,2023 Q2,3.86,6.0
3130,2023 Q3,4.54,6.29
3130,2023 Q4,2.36,5.7
3130,2024 Q1,2.72,5.63
3130,2024 Q2,4.49,6.52
3130,2024 Q3,4.54,6.65
3130,2024 Q4,2.39,6.19
3130,2025 Q1,3.19,6.17
3130,2025 Q2,4.51,7.01
3130,2025 Q3,4.26,6.94
3130,2025 Q4,2.74,6.62
3130,2026 Q1,3.57,6.44
3150,2023 Q2,0.04,1.31
3150,2023 Q3,-0.25,0.46
3150,2023 Q4,-0.49,0.43
3150,2024 Q1,-0.03,0.68
3150,2024 Q2,0.43,1.12
3150,2024 Q3,0.35,1.04
3150,2024 Q4,-0.04,0.62
3150,2025 Q1,0.18,0.86
3150,2025 Q2,-0.07,0.83
3150,2025 Q3,0.09,0.82
3150,2025 Q4,-0.41,0.5
3150,2026 Q1,-0.02,0.81
3171,2023 Q1,0.43,3.48
3171,2023 Q2,0.42,3.44
3171,2023 Q3,0.78,3.57
3171,2023 Q4,0.44,3.57
3171,2024 Q1,0.37,3.39
3171,2024 Q2,0.43,3.75
3171,2024 Q3,0.64,3.55
3171,2024 Q4,0.74,3.75
3171,2025 Q1,0.81,3.45
3171,2025 Q2,1.04,3.86
3171,2025 Q3,1.26,5.91
3171,2025 Q4,1.19,5.89
3171,2026 Q1,1.44,6.13
3178,2023 Q1,1.03,3.76
3178,2023 Q2,1.48,4.34
3178,2023 Q3,1.45,4.07
3178,2023 Q4,0.56,4.06
3178,2024 Q1,0.32,3.01
3178,2024 Q2,0.53,3.74
3178,2024 Q3,-0.15,3.09
3178,2024 Q4,0.36,3.3
3178,2025 Q1,0.38,3.22
3178,2025 Q2,-0.73,3.23
3178,2025 Q3,0.01,3.19
3178,2025 Q4,-0.12,2.92
3178,2026 Q1,0.0,2.95
3219,2023 Q1,-0.56,1.57
3219,2023 Q2,0.47,3.68
3219,2023 Q3,0.8,4.29
3219,2023 Q4,-0.3,2.04
3219,2024 Q1,-0.53,1.39
3219,2024 Q2,0.83,4.24
3219,2024 Q3,0.29,3.66
3219,2024 Q4,-0.29,2.09
3219,2025 Q1,-0.04,2.82
3219,2025 Q2,0.89,5.37
3219,2025 Q3,0.8,5.11
3219,2025 Q4,-0.13,3.74
3219,2026 Q1,0.48,4.32
3252,2023 Q1,0.03,1.36
3252,2023 Q2,0.05,1.36
3252,2023 Q3,0.05,1.35
3252,2023 Q4,-0.11,1.33
3252,2024 Q1,0.13,1.35
3252,2024 Q2,-0.11,1.23
3252,2024 Q3,-0.23,1.26
3252,2024 Q4,-0.09,1.3
3252,2025 Q1,0.08,1.31
3252,2025 Q2,-0.03,1.19
3252,2025 Q3,-0.15,1.15
3252,2025 Q4,0.23,1.3
3252,2026 Q1,0.09,1.41
3313,2023 Q1,0.1,0.01
3313,2023 Q2,-0.15,0.0
3313,2023 Q3,-0.08,0.27
3313,2023 Q4,0.14,0.17
3313,2024 Q1,1.59,0.12
3313,2024 Q2,-0.24,0.11
3313,2024 Q3,-0.1,0.08
3313,2024 Q4,-0.22,0.06
3313,2025 Q1,-0.08,0.01
3313,2025 Q2,-0.16,0.0
3313,2025 Q3,-0.06,0.06
3313,2025 Q4,-0.04,0.05
3313,2026 Q1,0.07,0.05
3450,2023 Q1,-0.28,12.63
3450,2023 Q2,-0.09,12.91
3450,2023 Q3,-0.14,14.07
3450,2023 Q4,-0.01,14.38
3450,2024 Q1,0.31,12.85
3450,2024 Q2,0.47,17.05
3450,2024 Q3,1.04,21.01
3450,2024 Q4,2.0,24.77
3450,2025 Q1,2.34,27.58
3450,2025 Q2,0.53,18.49
3450,2025 Q3,0.61,18.56
3450,2025 Q4,1.53,21.22
3450,2026 Q1,0.69,20.87
3465,2023 Q1,-0.85,2.12
3465,2023 Q2,0.82,3.81
3465,2023 Q3,0.78,3.64
3465,2023 Q4,-0.42,2.75
3465,2024 Q1,-0.09,3.22
3465,2024 Q2,-0.75,2.38
3465,2024 Q3,0.69,5.7
3465,2024 Q4,0.94,4.56
3465,2025 Q1,0.7,4.43
3465,2025 Q2,-1.09,3.92
3465,2025 Q3,0.29,4.9
3465,2025 Q4,0.14,3.51
3465,2026 Q1,-0.92,3.37
3512,2023 Q1,0.69,8.93
3512,2023 Q2,-0.15,2.78
3512,2023 Q3,1.53,12.33
3512,2023 Q4,3.38,5.52
3512,2024 Q1,0.74,4.86
3512,2024 Q2,0.0,1.41
3512,2024 Q3,-0.42,0.04
3512,2024 Q4,0.33,2.49
3512,2025 Q1,1.23,7.08
3512,2025 Q2,-0.15,0.53
3512,2025 Q3,-0.22,0.12
3512,2025 Q4,1.7,6.61
3512,2026 Q1,0.46,2.13
3522,2023 Q1,0.04,2.21
3522,2023 Q2,-0.66,1.44
3522,2023 Q3,-0.93,1.38
3522,2023 Q4,-0.33,2.32
3522,2024 Q1,0.28,3.04
3522,2024 Q2,-0.8,1.46
3522,2024 Q3,-0.97,1.68
3522,2024 Q4,-0.79,2.83
3522,2025 Q1,0.2,4.03
3522,2025 Q2,-0.97,2.23
3522,2025 Q3,-1.64,1.88
3522,2025 Q4,-0.25,3.37
3522,2026 Q1,0.4,4.7
3551,2023 Q1,1.44,5.75
3551,2023 Q2,1.65,5.8
3551,2023 Q3,1.18,5.52
3551,2023 Q4,1.31,5.82
3551,2024 Q1,1.47,6.1
3551,2024 Q2,1.77,6.46
3551,2024 Q3,1.71,6.46
3551,2024 Q4,1.68,6.74
3551,2025 Q1,2.13,6.81
3551,2025 Q2,1.92,7.19
3551,2025 Q3,2.07,7.45
3551,2025 Q4,2.24,8.46
3551,2026 Q1,2.46,8.11
3557,2023 Q1,2.0,14.73
3557,2023 Q2,0.64,9.84
3557,2023 Q3,1.14,10.69
3557,2023 Q4,1.03,12.27
3557,2024 Q1,3.62,20.46
3557,2024 Q2,1.0,11.87
3557,2024 Q3,1.08,12.52
3557,2024 Q4,1.14,12.4
3557,2025 Q1,2.65,20.0
3557,2025 Q2,-1.35,7.16
3557,2025 Q3,-1.45,6.35
3557,2025 Q4,0.28,9.71
3557,2026 Q1,0.48,14.31
3627,2023 Q2,-0.83,2.87
3627,2023 Q4,0.22,3.39
3627,2024 Q2,0.36,3.53
3627,2024 Q4,0.55,3.97
3629,2023 Q1,-0.74,0.11
3629,2023 Q2,-0.91,0.04
3629,2023 Q3,-0.2,0.0
3629,2023 Q4,-0.43,0.0
3629,2024 Q1,-0.24,0.0
3629,2024 Q2,-0.37,0.0
3629,2024 Q3,-0.24,0.0
3629,2024 Q4,-0.2,0.0
3629,2025 Q1,-0.23,0.0
3629,2025 Q2,-0.3,0.0
3629,2025 Q3,-0.21,0.02
3629,2025 Q4,0.09,0.13
3629,2026 Q1,-0.15,0.08
3652,2023 Q1,0.06,4.96
3652,2023 Q2,0.23,6.77
3652,2023 Q3,0.26,5.18
3652,2023 Q4,-0.01,5.51
3652,2024 Q1,0.16,5.27
3652,2024 Q2,0.43,7.01
3652,2024 Q3,0.26,5.9
3652,2024 Q4,0.4,6.21
3652,2025 Q1,0.34,5.64
3652,2025 Q2,0.07,6.24
3652,2025 Q3,0.53,6.39
3652,2025 Q4,0.4,6.26
3652,2026 Q1,0.4,6.21
3669,2023 Q1,-0.22,5.42
3669,2023 Q2,1.82,7.06
3669,2023 Q3,0.67,6.64
3669,2023 Q4,0.42,5.72
3669,2024 Q1,0.2,5.92
3669,2024 Q2,0.91,7.32
3669,2024 Q3,0.7,7.25
3669,2024 Q4,0.24,5.62
3669,2025 Q1,0.01,5.58
3669,2025 Q2,-0.43,6.85
3669,2025 Q3,0.69,6.35
3669,2025 Q4,0.86,6.53
3669,2026 Q1,0.7,6.89
3685,2023 Q1,-0.19,3.42
3685,2023 Q2,-0.11,3.5
3685,2023 Q3,-0.15,4.49
3685,2023 Q4,-0.33,3.78
3685,2024 Q1,-0.13,2.67
3685,2024 Q2,-0.15,2.86
3685,2024 Q3,-0.09,3.35
3685,2024 Q4,-0.15,3.59
3685,2025 Q1,-0.15,2.41
3685,2025 Q2,-0.52,2.66
3685,2025 Q3,0.05,2.79
3685,2025 Q4,-0.4,4.1
3685,2026 Q1,0.1,3.57
3687,2023 Q1,0.36,3.99
3687,2023 Q2,0.32,3.89
3687,2023 Q3,0.43,4.05
3687,2023 Q4,0.64,4.31
3687,2024 Q1,0.5,4.14
3687,2024 Q2,0.73,4.16
3687,2024 Q3,0.54,4.37
3687,2024 Q4,0.55,4.55
3687,2025 Q1,0.56,4.26
3687,2025 Q2,0.36,4.42
3687,2025 Q3,3.56,4.65
3687,2025 Q4,0.2,4.95
3687,2026 Q1,0.31,4.83
3708,2023 Q1,0.2,16.98
3708,2023 Q2,7.11,17.18
3708,2023 Q3,5.66,19.23
3708,2023 Q4,-0.08,19.55
3708,2024 Q1,0.77,17.35
3708,2024 Q2,0.76,19.27
3708,2024 Q3,0.46,21.07
3708,2024 Q4,0.73,21.03
3708,2025 Q1,0.48,19.61
3708,2025 Q2,-0.35,19.81
3708,2025 Q3,0.39,-31.89
3708,2025 Q4,35.04,2.53
3708,2026 Q1,0.13,1.89
3713,2023 Q1,-0.2,1.18
3713,2023 Q2,-0.17,1.65
3713,2023 Q3,0.05,1.53
3713,2023 Q4,0.06,3.24
3713,2024 Q1,-0.1,0.96
3713,2024 Q2,-0.14,0.76
3713,2024 Q3,-0.2,0.86
3713,2024 Q4,-0.09,0.96
3713,2025 Q1,0.13,0.77
3713,2025 Q2,-0.44,0.73
3713,2025 Q3,-0.24,0.7
3713,2025 Q4,-0.58,1.04
3713,2026 Q1,-0.22,0.78
4154,2023 Q1,-0.28,1.11
4154,2023 Q2,-0.96,0.8
4154,2023 Q3,-1.04,0.55
4154,2023 Q4,-0.78,0.33
4154,2024 Q1,-0.89,0.07
4154,2024 Q2,-1.05,0.15
4154,2024 Q3,-0.91,0.1
4154,2024 Q4,-1.51,0.1
4154,2025 Q1,-0.74,0.06
4154,2025 Q2,-0.64,0.03
4154,2025 Q3,-0.3,0.07
4154,2025 Q4,-0.15,0.1
4154,2026 Q1,-0.25,0.05
4419,2023 Q1,0.0,1.04
4419,2023 Q2,-0.2,0.92
4419,2023 Q3,-0.04,0.88
4419,2023 Q4,-0.07,1.11
4419,2024 Q1,0.0,1.38
4419,2024 Q2,-0.19,4.89
4419,2024 Q3,0.01,6.34
4419,2024 Q4,-0.54,6.34
4419,2025 Q1,-0.36,6.64
4419,2025 Q2,-0.24,6.92
4419,2025 Q3,-0.45,6.45
4419,2025 Q4,-0.4,6.6
4419,2026 Q1,-0.27,6.85
4530,2023 Q1,-0.19,0.41
4530,2023 Q2,-0.27,0.42
4530,2023 Q3,-0.26,0.42
4530,2023 Q4,-0.54,0.37
4530,2024 Q1,-0.23,0.39
4530,2024 Q2,-0.17,0.45
4530,2024 Q3,-0.35,0.51
4530,2024 Q4,-0.53,0.4
4530,2025 Q1,-0.07,0.71
4530,2025 Q2,-0.11,0.49
4530,2025 Q3,-0.06,0.91
4530,2025 Q4,0.58,1.38
4530,2026 Q1,-0.2,0.7
4536,2023 Q1,3.6,27.58
4536,2023 Q2,5.2,25.02
4536,2023 Q3,4.19,19.87
4536,2023 Q4,2.59,20.19
4536,2024 Q1,4.3,19.0
4536,2024 Q2,4.33,23.21
4536,2024 Q3,3.52,26.0
4536,2024 Q4,6.71,26.57
4536,2025 Q1,5.11,24.02
4536,2025 Q2,3.11,25.14
4536,2025 Q3,3.86,24.18
4536,2025 Q4,2.84,18.69
4536,2026 Q1,3.61,23.17
4578,2023 Q2,-1.52,4.33
4578,2023 Q4,-2.18,4.63
4609,2023 Q1,-0.22,0.3
4609,2023 Q2,-0.23,0.18
4609,2023 Q3,-0.23,0.18
4609,2023 Q4,-0.1,0.32
4609,2024 Q1,-0.18,0.15
4609,2024 Q2,-0.04,0.43
4609,2024 Q3,-0.05,0.51
4609,2024 Q4,-0.19,0.25
4609,2025 Q1,-0.13,0.27
4609,2025 Q2,-0.33,0.4
4609,2025 Q3,0.39,0.66
4609,2025 Q4,-0.04,0.33
4609,2026 Q1,-0.08,0.18
4702,2023 Q1,0.03,1.75
4702,2023 Q2,0.04,1.35
4702,2023 Q3,0.45,1.36
4702,2023 Q4,0.2,0.68
4702,2024 Q1,0.31,0.38
4702,2024 Q2,-0.07,0.57
4702,2024 Q3,0.03,0.42
4702,2024 Q4,0.31,0.43
4702,2025 Q1,-0.18,0.23
4702,2025 Q2,-0.39,0.14
4702,2025 Q3,0.81,0.17
4702,2025 Q4,0.65,0.15
4702,2026 Q1,0.45,0.24
4712,2023 Q1,-0.18,0.0
4712,2023 Q2,-0.08,0.0
4712,2023 Q3,-0.05,0.0
4712,2023 Q4,0.15,0.0
4712,2024 Q1,-0.13,0.0
4712,2024 Q2,-0.18,0.0
4712,2024 Q4,-0.57,0.0
4712,2025 Q2,-0.35,0.0
4712,2025 Q4,-1.81,0.0
4736,2023 Q1,4.17,15.4
4736,2023 Q2,1.82,11.88
4736,2023 Q3,3.44,10.01
4736,2023 Q4,1.24,10.78
4736,2024 Q1,4.24,10.78
4736,2024 Q2,2.81,11.63
4736,2024 Q3,1.03,12.32
4736,2024 Q4,4.06,11.67
4736,2025 Q1,-0.16,9.77
4736,2025 Q2,4.9,11.21
4736,2025 Q3,6.43,10.78
4736,2025 Q4,3.95,10.28
4736,2026 Q1,2.99,10.74
4772,2023 Q2,0.24,2.07
4772,2023 Q4,1.13,3.47
4772,2024 Q1,0.59,2.17
4772,2024 Q2,0.54,1.88
4772,2024 Q3,0.71,2.14
4772,2024 Q4,0.9,2.55
4772,2025 Q1,0.7,2.2
4772,2025 Q2,0.79,2.63
4772,2025 Q3,1.21,6.4
4772,2025 Q4,1.51,8.7
4772,2026 Q1,1.33,8.57
4804,2023 Q1,-1.0,0.58
4804,2023 Q2,-0.02,0.71
4804,2023 Q3,-1.24,0.68
4804,2023 Q4,-1.15,0.41
4804,2024 Q1,-0.68,0.26
4804,2024 Q2,-0.49,0.29
4804,2024 Q3,-0.07,0.31
4804,2024 Q4,-0.23,0.33
4804,2025 Q1,-0.31,0.28
4804,2025 Q2,0.18,0.33
4804,2025 Q3,-0.49,0.33
4804,2025 Q4,-0.89,0.35
4804,2026 Q1,-0.47,0.3
4944,2023 Q1,-0.44,0.3
4944,2023 Q2,4.88,0.2
4949,2023 Q2,3.34,26.68
4949,2023 Q3,-0.34,11.16
4949,2023 Q4,0.2,7.17
4949,2024 Q1,-0.7,6.08
4949,2024 Q2,-1.05,6.31
4949,2024 Q3,-0.19,5.74
4949,2024 Q4,0.52,5.96
4949,2025 Q1,0.4,5.76
4949,2025 Q2,0.36,6.69
4949,2025 Q3,0.72,5.36
4949,2025 Q4,0.43,6.16
4949,2026 Q1,1.19,7.88
5205,2023 Q1,-0.35,0.02
5205,2023 Q2,-0.46,0.04
5205,2023 Q3,-0.36,0.07
5205,2023 Q4,-0.37,0.08
5205,2024 Q1,-0.38,0.05
5205,2024 Q2,-0.3,0.12
5205,2024 Q3,-0.31,0.08
5205,2024 Q4,-0.5,0.07
5205,2025 Q1,-0.33,0.04
5205,2025 Q2,-0.32,0.06
5205,2025 Q3,-0.26,0.1
5205,2025 Q4,-0.52,0.05
5205,2026 Q1,-0.36,0.08
5209,2023 Q1,2.89,11.78
5209,2023 Q2,3.48,17.05
5209,2023 Q3,3.36,18.01
5209,2023 Q4,2.8,20.85
5209,2024 Q1,3.77,16.85
5209,2024 Q2,3.65,17.86
5209,2024 Q3,3.76,16.18
5209,2024 Q4,2.2,13.06
5209,2025 Q1,1.57,10.95
5209,2025 Q2,5.04,13.24
5209,2025 Q3,5.74,13.73
5209,2025 Q4,3.82,15.53
5209,2026 Q1,3.34,8.41
5233,2023 Q2,-1.47,6.76
5233,2023 Q4,-2.5,5.59
5233,2024 Q2,-3.8,0.34
5278,2023 Q1,3.18,4.46
5278,2023 Q2,2.68,4.76
5278,2023 Q3,3.35,4.96
5278,2023 Q4,4.19,6.44
5278,2024 Q1,0.33,4.52
5278,2024 Q2,3.01,5.0
5278,2024 Q3,1.96,5.17
5278,2024 Q4,-3.77,7.57
5278,2025 Q1,0.37,5.38
5278,2025 Q2,0.16,6.48
5278,2025 Q3,0.19,6.23
5278,2025 Q4,0.33,8.25
5278,2026 Q1,0.29,6.29
5281,2023 Q1,-0.2,1.16
5281,2023 Q2,-0.45,1.49
5287,2023 Q1,3.27,4.94
5287,2023 Q2,3.73,5.43
5287,2023 Q3,3.56,5.61
5287,2023 Q4,2.83,5.53
5287,2024 Q1,3.05,5.25
5287,2024 Q2,3.44,5.75
5287,2024 Q3,3.43,5.88
5287,2024 Q4,3.2,5.73
5287,2025 Q1,2.87,5.46
5287,2025 Q2,3.39,6.1
5287,2025 Q3,3.67,5.92
5287,2025 Q4,4.01,5.71
5287,2026 Q1,2.97,5.51
5301,2023 Q1,-0.14,0.32
5301,2023 Q2,-0.17,0.51
5301,2023 Q3,-0.07,0.68
5301,2023 Q4,-0.23,0.85
5301,2024 Q1,-0.06,0.98
5301,2024 Q2,-0.16,1.12
5301,2024 Q3,-0.02,0.86
5301,2024 Q4,-0.2,0.72
5301,2025 Q1,-0.12,0.52
5301,2025 Q2,-0.27,0.57
5301,2025 Q3,-0.12,0.51
5301,2025 Q4,-0.85,0.76
5301,2026 Q1,-0.18,0.58
5306,2023 Q1,1.94,13.14
5306,2023 Q2,1.74,12.34
5306,2023 Q3,1.27,11.62
5306,2023 Q4,0.94,10.2
5306,2024 Q1,1.21,11.02
5306,2024 Q2,2.08,13.58
5306,2024 Q3,2.54,13.66
5306,2024 Q4,1.44,11.34
5306,2025 Q1,3.11,12.75
5306,2025 Q2,1.44,12.55
5306,2025 Q3,1.72,11.08
5306,2025 Q4,1.39,10.41
5306,2026 Q1,1.79,13.41
5321,2023 Q1,1.06,8.12
5321,2023 Q2,1.29,9.22
5321,2023 Q3,0.22,8.38
5321,2023 Q4,-0.47,6.94
5321,2024 Q1,-0.77,7.11
5321,2024 Q2,0.0,8.87
5321,2024 Q3,0.2,9.03
5321,2024 Q4,0.55,8.82
5321,2025 Q1,0.06,7.34
5321,2025 Q2,0.02,6.94
5321,2025 Q3,0.0,7.04
5321,2025 Q4,-0.36,7.1
5321,2026 Q1,-2.37,5.69
5345,2023 Q1,-0.03,0.01
5345,2023 Q2,-0.19,0.01
5345,2023 Q3,-0.13,0.02
5345,2023 Q4,-0.69,0.02
5345,2024 Q1,-0.63,0.01
5345,2024 Q2,-1.08,0.01
5345,2024 Q3,-0.07,0.02
5345,2024 Q4,-2.26,0.03
5345,2025 Q1,-0.1,0.02
5345,2025 Q2,-0.17,0.01
5345,2025 Q3,-0.04,0.07
5345,2025 Q4,-0.02,0.13
5345,2026 Q1,-0.05,0.07
5364,2023 Q1,-0.53,1.05
5364,2023 Q2,-0.65,1.14
5364,2023 Q3,-0.13,1.37
5364,2023 Q4,-0.46,1.2
5364,2024 Q1,-0.45,0.83
5364,2024 Q2,-0.58,0.79
5364,2024 Q3,-0.61,1.09
5364,2024 Q4,0.25,1.5
5364,2025 Q1,-0.32,0.7
5364,2025 Q2,-0.29,0.83
5364,2025 Q3,-0.12,0.84
5364,2025 Q4,-0.04,0.75
5364,2026 Q1,-0.14,0.59
5383,2023 Q1,-0.17,3.31
5383,2023 Q2,-0.33,3.52
5383,2023 Q3,-0.41,3.17
5383,2023 Q4,-0.55,2.8
5383,2024 Q1,-0.49,2.74
5432,2023 Q1,0.17,0.52
5432,2023 Q2,0.34,0.77
5432,2023 Q3,0.66,0.67
5432,2023 Q4,0.23,0.64
5432,2024 Q1,0.28,0.47
5432,2024 Q2,0.44,0.51
5432,2024 Q3,0.29,0.51
5432,2024 Q4,0.35,0.39
5432,2025 Q1,0.16,0.36
5432,2025 Q2,0.31,0.56
5432,2025 Q3,0.61,0.49
5432,2025 Q4,1.22,0.57
5432,2026 Q1,0.27,0.41
5450,2023 Q1,0.01,5.83
5450,2023 Q2,0.09,6.48
5450,2023 Q3,0.03,5.72
5450,2023 Q4,-0.03,6.09
5450,2024 Q1,0.31,6.0
5450,2024 Q2,0.21,6.99
5450,2024 Q3,0.25,6.82
5450,2024 Q4,0.36,6.88
5450,2025 Q1,0.09,6.0
5450,2025 Q2,-0.15,6.34
5450,2025 Q3,0.1,5.79
5450,2025 Q4,0.18,6.18
5450,2026 Q1,0.07,6.01
5481,2023 Q1,-0.12,0.23
5481,2023 Q2,-0.11,0.22
5481,2023 Q3,-0.1,0.29
5481,2023 Q4,-0.06,0.23
5481,2024 Q1,-0.14,0.24
5481,2024 Q2,-0.1,0.22
5481,2024 Q3,0.11,0.29
5481,2024 Q4,-0.11,0.22
5481,2025 Q1,-0.12,0.24
5481,2025 Q2,-0.4,0.23
5481,2025 Q3,-0.13,0.28
5481,2025 Q4,0.0,0.22
5481,2026 Q1,-0.1,0.22
5604,2023 Q1,0.2,0.4
5604,2023 Q2,0.21,0.4
5604,2023 Q3,0.21,0.4
5604,2023 Q4,0.21,0.4
5604,2024 Q1,0.22,0.41
5604,2024 Q2,0.2,0.39
5604,2024 Q3,1.87,0.39
5604,2024 Q4,0.21,0.4
5604,2025 Q1,0.22,0.39
5604,2025 Q2,0.21,0.4
5604,2025 Q3,0.2,0.4
5604,2025 Q4,0.22,0.4
5604,2026 Q1,0.32,0.41
5701,2023 Q1,-0.09,1.32
5701,2023 Q2,-0.21,1.13
5701,2023 Q3,-0.02,1.61
5701,2023 Q4,-0.03,1.52
5701,2024 Q1,-0.12,1.22
5701,2024 Q2,-0.22,1.09
5701,2024 Q3,-0.07,1.47
5701,2024 Q4,-0.11,1.29
5701,2025 Q1,-0.03,1.42
5701,2025 Q2,-0.19,1.14
5701,2025 Q3,-0.15,1.31
5701,2025 Q4,0.11,1.57
5701,2026 Q1,-0.17,1.27
5703,2023 Q1,0.14,1.08
5703,2023 Q2,0.0,0.9
5703,2023 Q3,0.05,0.97
5703,2023 Q4,0.36,1.36
5703,2024 Q1,0.17,1.25
5703,2024 Q2,-0.12,0.9
5703,2024 Q3,-0.17,0.78
5703,2024 Q4,0.31,1.32
5703,2025 Q1,0.15,1.16
5703,2025 Q2,-0.02,1.01
5703,2025 Q3,-0.04,0.87
5703,2025 Q4,0.44,1.45
5703,2026 Q1,0.27,1.33
5704,2023 Q1,0.87,1.41
5704,2023 Q2,0.6,0.98
5704,2023 Q3,0.39,1.02
5704,2023 Q4,1.11,1.26
5704,2024 Q1,0.9,1.33
5704,2024 Q2,0.27,0.82
5704,2024 Q3,-0.06,0.86
5704,2024 Q4,-0.7,0.51
5704,2025 Q1,0.05,0.74
5704,2025 Q2,-0.25,0.58
5704,2025 Q3,0.31,0.81
5704,2025 Q4,0.28,1.14
5704,2026 Q1,0.28,0.99
5706,2023 Q1,-0.12,3.49
5706,2023 Q2,0.91,5.13
5706,2023 Q3,0.8,7.63
5706,2023 Q4,0.86,5.78
5706,2024 Q1,1.04,5.97
5706,2024 Q2,0.76,8.49
5706,2024 Q3,1.34,8.41
5706,2024 Q4,0.7,8.58
5706,2025 Q1,0.52,7.17
5706,2025 Q2,0.82,8.99
5706,2025 Q3,1.37,7.72
5706,2025 Q4,0.7,7.48
5706,2026 Q1,0.62,7.14
5854,2023 Q1,0.42,0.0
5854,2023 Q2,0.39,0.0
5854,2023 Q3,0.43,0.0
5854,2023 Q4,0.24,0.0
5854,2024 Q1,0.45,0.0
5854,2024 Q2,0.37,0.0
5854,2024 Q3,0.44,0.0
5854,2024 Q4,0.28,0.0
5854,2025 Q1,0.4,0.0
5854,2025 Q2,0.41,0.0
5854,2025 Q3,0.42,0.0
5854,2025 Q4,0.36,0.0
5854,2026 Q1,0.0,0.0
5902,2023 Q1,0.53,5.59
5902,2023 Q2,0.48,5.82
5902,2023 Q3,0.47,5.39
5902,2023 Q4,0.36,4.3
5902,2024 Q1,0.54,4.96
5902,2024 Q2,0.66,6.5
5902,2024 Q3,0.58,5.67
5902,2024 Q4,0.34,5.07
5902,2025 Q1,0.54,5.89
5902,2025 Q2,0.66,6.26
5902,2025 Q3,0.59,5.66
5902,2025 Q4,0.45,5.04
5902,2026 Q1,0.46,5.2
5903,2023 Q1,0.88,231.26
5903,2023 Q2,2.26,247.18
5903,2023 Q3,2.36,262.81
5903,2023 Q4,1.72,254.84
5903,2024 Q1,1.17,248.76
5903,2024 Q2,1.99,261.46
5903,2024 Q3,11.87,274.27
5903,2024 Q4,2.02,266.55
5903,2025 Q1,1.87,252.84
5903,2025 Q2,1.57,274.39
5903,2025 Q3,2.07,285.0
5903,2025 Q4,2.09,288.2
5903,2026 Q1,1.23,277.58
5904,2023 Q1,6.43,52.93
5904,2023 Q2,4.59,52.81
5904,2023 Q3,6.89,58.7
5904,2023 Q4,6.57,56.35
5904,2024 Q1,6.78,58.74
5904,2024 Q2,5.61,56.28
5904,2024 Q3,7.27,61.25
5904,2024 Q4,7.15,60.02
5904,2025 Q1,7.48,62.96
5904,2025 Q2,5.58,60.44
5904,2025 Q3,7.59,64.01
5904,2025 Q4,8.98,65.79
5904,2026 Q1,9.3,70.95
5905,2023 Q1,-0.08,2.59
5905,2023 Q2,-0.02,2.61
5905,2023 Q3,0.32,2.94
5905,2023 Q4,-0.37,2.62
5905,2024 Q1,-0.13,2.27
5905,2024 Q2,-0.04,2.5
5905,2024 Q3,-0.04,2.97
5905,2024 Q4,-0.29,2.05
5905,2025 Q1,-0.14,2.26
5905,2025 Q2,-0.19,2.35
5905,2025 Q3,-0.03,3.27
5905,2025 Q4,-0.27,2.85
5905,2026 Q1,-0.09,6.21
6123,2023 Q1,1.0,12.38
6123,2023 Q2,1.1,11.83
6123,2023 Q3,1.2,15.02
6123,2023 Q4,0.65,12.88
6123,2024 Q1,0.84,13.04
6123,2024 Q2,0.89,12.88
6123,2024 Q3,0.97,16.15
6123,2024 Q4,0.95,13.31
6123,2025 Q1,0.59,12.74
6123,2025 Q2,0.7,11.66
6123,2025 Q3,0.68,14.68
6123,2025 Q4,0.75,11.5
6123,2026 Q1,0.7,11.38
6165,2023 Q1,-0.73,6.64
6165,2023 Q2,0.16,6.97
6165,2023 Q3,0.22,6.65
6165,2023 Q4,0.55,6.84
6165,2024 Q1,0.17,7.18
6165,2024 Q2,0.2,7.21
6165,2024 Q3,0.23,6.98
6165,2024 Q4,0.44,7.11
6165,2025 Q1,1.06,7.95
6165,2025 Q2,1.04,7.85
6165,2025 Q3,0.92,8.26
6165,2025 Q4,1.0,8.11
6165,2026 Q1,1.09,8.47
6195,2023 Q1,0.78,5.81
6195,2023 Q2,0.5,5.73
6195,2023 Q3,0.35,5.68
6195,2023 Q4,0.42,6.33
6195,2024 Q1,0.82,6.04
6195,2024 Q2,-0.15,5.15
6195,2024 Q3,0.27,5.36
6195,2024 Q4,0.66,6.33
6195,2025 Q1,0.7,5.91
6195,2025 Q2,0.14,5.11
6195,2025 Q3,0.07,5.06
6195,2025 Q4,0.08,5.98
6195,2026 Q1,1.5,7.04
6198,2023 Q1,-0.3,0.0
6198,2023 Q2,3.67,2.53
6198,2023 Q3,-0.37,0.0
6198,2023 Q4,-0.63,0.01
6198,2024 Q1,-0.16,0.0
6198,2024 Q2,-0.11,0.01
6198,2024 Q3,-0.14,0.01
6198,2024 Q4,-0.23,0.0
6198,2025 Q1,-0.07,0.0
6198,2025 Q2,-0.01,0.0
6198,2025 Q3,-0.04,0.0
6198,2025 Q4,-0.11,0.0
6198,2026 Q1,-0.1,0.0
6275,2023 Q1,0.27,8.51
6275,2023 Q2,0.75,9.64
6275,2023 Q3,0.93,9.96
6275,2023 Q4,2.13,8.21
6275,2024 Q1,0.62,9.07
6275,2024 Q2,0.65,9.78
6275,2024 Q3,0.79,10.32
6275,2024 Q4,0.82,9.47
6275,2025 Q1,0.5,9.87
6275,2025 Q2,0.72,11.67
6275,2025 Q3,0.78,10.38
6275,2025 Q4,0.81,10.87
6275,2026 Q1,0.48,11.29
6404,2023 Q1,-0.45,0.02
6404,2023 Q2,-0.37,0.02
6404,2023 Q3,-4.71,0.02
6404,2023 Q4,-0.24,0.02
6404,2024 Q1,-0.12,0.01
6423,2023 Q2,0.45,0.86
6423,2023 Q3,0.63,0.59
6423,2023 Q4,0.11,0.43
6423,2024 Q1,0.56,0.6
6423,2024 Q2,-0.15,0.45
6423,2024 Q3,0.52,0.71
6423,2024 Q4,0.05,0.49
6423,2025 Q1,0.51,0.7
6423,2025 Q2,-0.18,0.45
6423,2025 Q3,0.31,0.67
6423,2025 Q4,-0.06,0.48
6423,2026 Q1,0.28,0.65
6426,2023 Q1,-0.83,0.71
6426,2023 Q2,-1.06,0.69
6426,2023 Q3,-0.18,1.01
6426,2023 Q4,-0.6,1.22
6426,2024 Q1,-0.84,0.8
6426,2024 Q2,-0.83,0.78
6426,2024 Q3,-1.02,0.75
6426,2024 Q4,-0.88,0.97
6426,2025 Q1,-0.56,0.99
6426,2025 Q2,-1.22,1.14
6426,2025 Q3,0.7,1.35
6426,2025 Q4,0.3,1.4
6426,2026 Q1,0.74,1.54
6431,2023 Q1,-0.46,0.55
6431,2023 Q2,-0.15,1.05
6431,2023 Q3,-0.58,0.57
6431,2023 Q4,-0.63,0.76
6431,2024 Q1,-0.62,0.62
6431,2024 Q2,-0.62,0.89
6431,2024 Q3,-0.43,1.05
6431,2024 Q4,-0.86,1.24
6431,2025 Q1,-0.46,1.1
6431,2025 Q2,-0.55,0.86
6431,2025 Q3,-0.43,0.67
6431,2025 Q4,-0.63,1.14
6431,2026 Q1,-0.4,0.86
6438,2023 Q1,2.64,15.68
6438,2023 Q2,2.38,16.21
6438,2023 Q3,2.55,12.38
6438,2023 Q4,1.32,13.83
6438,2024 Q1,1.95,12.73
6438,2024 Q2,1.16,12.5
6438,2024 Q3,0.61,13.14
6438,2024 Q4,3.92,12.84
6438,2025 Q1,1.56,15.55
6438,2025 Q2,1.72,16.31
6438,2025 Q3,0.91,16.66
6438,2025 Q4,1.07,16.15
6438,2026 Q1,1.76,17.45
6446,2023 Q1,-2.44,8.88
6446,2023 Q2,-0.62,12.65
6446,2023 Q3,0.67,13.06
6446,2023 Q4,0.38,16.47
6446,2024 Q1,1.0,16.53
6446,2024 Q2,2.09,23.06
6446,2024 Q3,2.21,27.13
6446,2024 Q4,3.73,30.62
6446,2025 Q1,3.8,32.57
6446,2025 Q2,2.5,36.02
6446,2025 Q3,3.99,38.94
6446,2025 Q4,3.98,48.81
6446,2026 Q1,5.79,51.21
6472,2023 Q1,13.62,47.81
6472,2023 Q2,8.95,31.39
6472,2023 Q3,7.28,30.75
6472,2023 Q4,5.57,32.06
6472,2024 Q1,7.07,28.57
6472,2024 Q2,11.61,50.27
6472,2024 Q3,14.15,56.15
6472,2024 Q4,5.82,57.46
6472,2025 Q1,13.55,44.8
6472,2025 Q2,5.95,48.68
6472,2025 Q3,5.09,48.06
6472,2025 Q4,2.56,48.61
6472,2026 Q1,0.21,40.01
6506,2023 Q1,0.19,4.74
6506,2023 Q2,-0.17,3.38
6506,2023 Q3,-0.14,3.7
6506,2023 Q4,0.13,3.99
6506,2024 Q1,0.4,4.88
6506,2024 Q2,0.3,4.89
6506,2024 Q3,-0.16,4.65
6506,2024 Q4,0.21,4.66
6506,2025 Q1,0.41,5.2
6506,2025 Q2,0.09,4.84
6506,2025 Q3,0.23,4.4
6506,2025 Q4,0.32,4.32
6506,2026 Q1,0.52,5.71
6514,2023 Q1,0.41,1.29
6514,2023 Q2,1.07,1.12
6514,2023 Q3,0.51,1.12
6514,2023 Q4,0.8,1.33
6514,2024 Q1,0.55,1.25
6514,2024 Q2,1.23,1.78
6534,2023 Q1,4.05,8.01
6534,2023 Q2,1.96,4.59
6534,2023 Q3,-0.45,1.11
6534,2023 Q4,-0.8,1.44
6534,2024 Q1,4.08,8.25
6534,2024 Q2,1.27,4.01
6534,2024 Q3,-0.89,1.35
6534,2024 Q4,0.18,2.75
6534,2025 Q1,3.89,8.54
6534,2025 Q2,0.37,4.2
6534,2025 Q3,-0.16,2.17
6534,2025 Q4,0.42,3.28
6534,2026 Q1,4.15,8.7
6562,2023 Q2,0.12,3.36
6562,2023 Q4,0.01,3.13
6562,2024 Q2,-0.03,2.61
6562,2024 Q4,-1.48,2.77
6562,2025 Q2,-0.46,2.94
6562,2025 Q4,-2.51,2.2
6581,2023 Q1,0.77,3.71
6581,2023 Q2,1.49,6.03
6581,2023 Q3,0.56,4.11
6581,2023 Q4,1.72,6.56
6581,2024 Q1,1.17,4.67
6581,2024 Q2,2.55,7.03
6581,2024 Q3,1.4,4.92
6581,2024 Q4,2.34,7.16
6581,2025 Q1,1.28,4.93
6581,2025 Q2,1.88,6.39
6581,2025 Q3,1.29,4.97
6581,2025 Q4,1.72,5.82
6581,2026 Q1,1.17,4.35
6616,2023 Q1,-0.75,2.09
6616,2023 Q2,0.38,2.48
6616,2023 Q3,-0.09,2.64
6616,2023 Q4,-0.36,2.89
6616,2024 Q1,0.26,3.1
6616,2024 Q2,-1.22,2.96
6616,2024 Q3,-0.52,2.64
6616,2024 Q4,0.1,2.94
6616,2025 Q1,0.28,2.99
6616,2025 Q2,-0.49,2.09
6616,2025 Q3,-0.03,2.5
6616,2025 Q4,-0.36,2.7
6616,2026 Q1,-0.52,2.12
6617,2023 Q2,-0.37,0.01
6617,2023 Q3,-0.15,0.09
6617,2023 Q4,-0.29,0.09
6617,2024 Q1,-0.22,0.05
6617,2024 Q2,-0.22,0.08
6617,2024 Q3,-0.08,0.09
6617,2024 Q4,-0.17,0.09
6617,2025 Q1,-0.09,0.08
6617,2025 Q2,-0.16,0.09
6617,2025 Q3,-0.29,0.12
6617,2025 Q4,-0.38,0.08
6617,2026 Q1,-0.32,0.09
6624,2023 Q1,-0.59,0.42
6624,2023 Q2,0.18,0.99
6624,2023 Q3,0.71,1.28
6624,2023 Q4,0.91,2.5
6624,2024 Q1,-0.49,0.65
6624,2024 Q2,-0.18,1.6
6624,2024 Q3,0.02,1.33
6624,2024 Q4,1.32,2.83
6624,2025 Q1,-0.07,1.0
6624,2025 Q2,-0.14,1.29
6624,2025 Q3,0.18,1.35
6624,2025 Q4,0.39,2.11
6624,2026 Q1,0.05,0.9
6629,2023 Q1,0.66,2.32
6629,2023 Q2,1.38,2.96
6629,2023 Q3,1.79,3.23
6629,2023 Q4,0.83,3.33
6629,2024 Q1,3.66,4.22
6629,2024 Q2,2.49,3.56
6629,2024 Q3,2.13,4.96
6629,2024 Q4,3.21,3.45
6629,2025 Q1,2.69,4.01
6629,2025 Q2,-1.21,3.08
6629,2025 Q3,2.8,4.43
6629,2025 Q4,2.18,5.91
6629,2026 Q1,3.58,6.97
6637,2023 Q2,3.85,2.94
6637,2023 Q3,1.0,1.5
6637,2023 Q4,0.8,2.39
6637,2024 Q1,2.1,1.71
6637,2024 Q2,1.57,2.08
6637,2024 Q3,1.79,2.4
6637,2024 Q4,1.71,2.1
6637,2025 Q1,1.32,1.25
6637,2025 Q2,2.96,6.44
6637,2025 Q3,1.51,1.45
6637,2025 Q4,1.37,2.49
6637,2026 Q1,1.01,1.9
6641,2023 Q1,-0.12,3.53
6641,2023 Q2,0.07,4.14
6641,2023 Q3,0.47,4.42
6641,2023 Q4,0.85,5.66
6641,2024 Q1,0.6,4.07
6641,2024 Q2,0.55,4.68
6641,2024 Q3,0.23,4.9
6641,2024 Q4,0.02,4.53
6641,2025 Q1,0.0,4.06
6641,2025 Q2,-0.16,4.34
6641,2025 Q3,0.26,4.38
6641,2025 Q4,0.35,4.84
6641,2026 Q1,0.02,3.81
6670,2023 Q1,5.42,70.87
6670,2023 Q2,3.94,50.57
6670,2023 Q3,3.55,52.25
6670,2023 Q4,5.28,70.12
6670,2024 Q1,7.01,63.7
6670,2024 Q2,5.57,61.42
6670,2024 Q3,6.09,70.25
6670,2024 Q4,9.51,88.33
6670,2025 Q1,8.83,84.8
6670,2025 Q2,2.27,65.72
6670,2025 Q3,3.49,58.95
6670,2025 Q4,7.9,88.44
6670,2026 Q1,6.96,84.69
6671,2023 Q1,0.51,3.97
6671,2023 Q2,0.89,5.18
6671,2023 Q3,0.72,4.88
6671,2023 Q4,0.76,5.02
6671,2024 Q1,0.67,4.3
6671,2024 Q2,0.85,5.33
6671,2024 Q3,0.67,5.01
6671,2024 Q4,0.99,5.75
6671,2025 Q1,0.37,4.35
6671,2025 Q2,0.48,5.28
6671,2025 Q3,0.81,5.01
6671,2025 Q4,0.72,5.32
6671,2026 Q1,0.26,3.66
6689,2023 Q1,0.32,21.82
6689,2023 Q2,0.73,23.95
6689,2023 Q3,0.7,24.7
6689,2023 Q4,0.95,27.7
6689,2024 Q1,0.41,27.12
6689,2024 Q2,0.46,30.94
6689,2024 Q3,0.88,33.38
6689,2024 Q4,0.51,35.45
6689,2025 Q1,0.57,31.99
6689,2025 Q2,0.26,32.01
6689,2025 Q3,0.31,30.0
6689,2025 Q4,1.16,30.76
6689,2026 Q1,0.53,29.99
6690,2023 Q1,1.75,4.02
6690,2023 Q2,2.07,4.47
6690,2023 Q3,2.33,4.74
6690,2023 Q4,2.51,5.21
6690,2024 Q1,2.03,4.52
6690,2024 Q2,2.54,5.3
6690,2024 Q3,2.75,5.61
6690,2024 Q4,2.81,6.04
6690,2025 Q1,1.87,5.16
6690,2025 Q2,2.5,5.98
6690,2025 Q3,2.7,6.26
6690,2025 Q4,3.15,6.92
6690,2026 Q1,2.27,6.25
6720,2023 Q2,0.54,1.57
6720,2023 Q4,1.96,2.04
6720,2024 Q1,1.58,1.15
6720,2024 Q2,1.72,1.46
6720,2024 Q3,1.42,1.22
6720,2024 Q4,1.89,1.27
6720,2025 Q1,1.91,1.33
6720,2025 Q2,0.24,1.23
6720,2025 Q3,1.13,0.87
6720,2025 Q4,0.91,0.93
6720,2026 Q1,0.51,0.88
6728,2023 Q1,2.19,6.11
6728,2023 Q2,2.62,7.59
6728,2023 Q3,1.86,6.5
6728,2023 Q4,3.61,7.13
6728,2024 Q1,1.58,6.37
6728,2024 Q2,3.54,9.21
6728,2024 Q3,3.13,9.7
6728,2024 Q4,3.39,9.83
6728,2025 Q1,2.69,9.81
6728,2025 Q2,3.1,14.36
6728,2025 Q3,2.02,10.13
6728,2025 Q4,1.96,13.05
6728,2026 Q1,1.97,10.62
6739,2023 Q2,1.33,1.27
6739,2023 Q4,2.56,1.28
6739,2024 Q1,0.88,0.73
6739,2024 Q2,2.48,1.0
6739,2024 Q3,1.77,1.1
6739,2024 Q4,1.76,1.27
6739,2025 Q1,2.7,1.48
6739,2025 Q2,3.03,1.8
6739,2025 Q3,4.4,2.23
6739,2025 Q4,6.0,2.56
6739,2026 Q1,5.76,2.84
6741,2023 Q1,0.64,3.24
6741,2023 Q2,0.84,3.25
6741,2023 Q3,0.97,3.24
6741,2023 Q4,0.92,4.17
6741,2024 Q1,1.02,3.72
6741,2024 Q2,1.0,3.84
6741,2024 Q3,0.88,3.81
6741,2024 Q4,1.32,4.81
6741,2025 Q1,1.15,4.12
6741,2025 Q2,0.82,4.23
6741,2025 Q3,0.99,4.22
6741,2025 Q4,1.45,5.5
6741,2026 Q1,1.15,5.41
6754,2023 Q1,0.57,7.89
6754,2023 Q2,0.41,9.94
6754,2023 Q3,2.02,13.62
6754,2023 Q4,1.25,15.08
6754,2024 Q1,0.9,11.4
6754,2024 Q2,2.43,13.65
6754,2024 Q3,1.67,14.25
6754,2024 Q4,1.4,11.77
6754,2025 Q1,0.29,7.21
6754,2025 Q2,0.5,9.8
6754,2025 Q3,1.49,10.3
6754,2025 Q4,1.12,7.99
6754,2026 Q1,0.12,6.02
6757,2023 Q1,1.07,25.86
6757,2023 Q2,0.8,28.87
6757,2023 Q3,1.3,35.76
6757,2023 Q4,1.1,34.19
6757,2024 Q1,1.92,42.47
6757,2024 Q2,1.5,39.68
6757,2024 Q3,2.1,44.22
6757,2024 Q4,0.64,37.86
6757,2025 Q1,2.05,46.29
6757,2025 Q2,1.21,38.25
6757,2025 Q3,1.03,41.33
6757,2025 Q4,1.09,43.11
6757,2026 Q1,2.91,55.38
6763,2023 Q1,5.09,3.82
6763,2023 Q2,5.15,3.76
6763,2023 Q3,5.53,3.88
6763,2023 Q4,5.89,4.03
6763,2024 Q1,4.72,3.86
6763,2024 Q2,4.33,3.77
6763,2024 Q3,0.52,4.11
6763,2024 Q4,0.51,4.29
6763,2025 Q1,0.61,4.05
6763,2025 Q2,0.55,4.23
6763,2025 Q3,2.67,4.46
6763,2025 Q4,0.38,4.7
6763,2026 Q1,0.55,4.57
6768,2023 Q1,0.23,33.66
6768,2023 Q2,1.28,38.63
6768,2023 Q3,0.42,29.51
6768,2023 Q4,0.85,40.27
6768,2024 Q1,1.73,40.12
6768,2024 Q2,2.29,49.36
6768,2024 Q3,1.76,42.92
6768,2024 Q4,2.37,52.05
6768,2025 Q1,2.71,60.08
6768,2025 Q2,1.76,52.73
6768,2025 Q3,0.86,41.43
6768,2025 Q4,1.45,49.49
6768,2026 Q1,1.2,53.57
6771,2023 Q2,2.03,3.0
6771,2023 Q3,1.35,1.5
6771,2023 Q4,1.38,1.59
6771,2024 Q1,1.06,1.51
6771,2024 Q2,0.9,1.58
6771,2024 Q3,1.03,1.58
6771,2024 Q4,0.95,1.68
6771,2025 Q1,1.34,1.64
6771,2025 Q2,0.89,1.61
6771,2025 Q3,0.93,1.53
6771,2025 Q4,0.48,1.4
6771,2026 Q1,0.69,1.31
6794,2023 Q2,-0.63,0.12
6794,2023 Q4,-1.56,0.13
6794,2024 Q1,-0.57,0.03
6794,2024 Q2,-0.45,0.04
6794,2024 Q3,-0.23,0.15
6794,2024 Q4,-0.37,0.11
6794,2025 Q1,-0.48,0.1
6794,2025 Q2,-0.52,0.09
6794,2025 Q3,-0.42,0.05
6794,2025 Q4,-0.47,0.06
6794,2026 Q1,-0.36,0.06
6803,2023 Q1,4.01,18.4
6803,2023 Q2,4.61,19.37
6803,2023 Q3,4.65,20.74
6803,2023 Q4,3.08,17.78
6803,2024 Q1,4.15,19.5
6803,2024 Q2,4.6,21.02
6803,2024 Q3,4.89,22.92
6803,2024 Q4,3.79,21.87
6803,2025 Q1,4.52,22.19
6803,2025 Q2,4.35,24.6
6803,2025 Q3,5.38,26.56
6803,2025 Q4,4.19,23.22
6803,2026 Q1,4.54,22.98
6804,2023 Q1,1.29,8.84
6804,2023 Q2,1.48,9.61
6804,2023 Q3,1.04,8.04
6804,2023 Q4,-0.19,7.14
6804,2024 Q1,0.12,4.43
6804,2024 Q2,0.12,5.86
6804,2024 Q3,0.7,5.67
6804,2024 Q4,-3.08,3.38
6804,2025 Q1,0.47,3.41
6804,2025 Q2,-1.67,3.97
6804,2025 Q3,-0.34,3.29
6804,2025 Q4,-1.29,2.72
6804,2026 Q1,0.17,4.2
6806,2023 Q1,0.26,13.89
6806,2023 Q2,0.35,18.99
6806,2023 Q3,0.56,26.94
6806,2023 Q4,1.77,52.68
6806,2024 Q1,0.46,23.31
6806,2024 Q2,0.64,42.49
6806,2024 Q3,0.77,33.42
6806,2024 Q4,1.71,97.22
6806,2025 Q1,0.75,56.94
6806,2025 Q2,-16.81,68.15
6806,2025 Q3,-28.17,88.76
6806,2025 Q4,-13.66,46.79
6806,2026 Q1,-6.73,41.9
6807,2023 Q1,0.24,8.35
6807,2023 Q2,1.59,8.67
6807,2023 Q3,1.31,10.26
6807,2023 Q4,1.27,10.18
6807,2024 Q1,1.75,9.95
6807,2024 Q2,2.06,11.66
6807,2024 Q3,2.31,13.98
6807,2024 Q4,2.76,14.41
6807,2025 Q1,1.9,11.65
6807,2025 Q2,0.62,10.41
6807,2025 Q3,1.25,9.91
6807,2025 Q4,0.92,10.66
6807,2026 Q1,0.63,8.17
6811,2023 Q1,2.88,18.1
6811,2023 Q2,3.33,22.3
6811,2023 Q3,3.29,17.9
6811,2023 Q4,2.6,17.2
6811,2024 Q1,3.45,21.7
6811,2024 Q2,3.68,23.56
6811,2024 Q3,3.38,21.78
6811,2024 Q4,2.48,19.84
6811,2025 Q1,4.01,25.25
6811,2025 Q2,3.7,25.78
6811,2025 Q3,3.55,22.0
6811,2025 Q4,3.11,23.58
6811,2026 Q1,4.8,29.57
6813,2023 Q2,-2.48,0.75
6813,2023 Q4,-3.76,1.16
6813,2024 Q2,-1.37,2.41
6813,2024 Q4,-3.5,1.93
6813,2025 Q2,-2.08,1.02
6813,2025 Q4,-4.86,0.95
6838,2023 Q2,-1.19,0.31
6838,2023 Q3,-1.08,0.01
6838,2023 Q4,-0.28,0.0
6838,2024 Q1,-0.15,1.28
6838,2024 Q2,-0.72,0.05
6838,2024 Q3,-0.29,0.04
6838,2024 Q4,-0.27,0.06
6838,2025 Q1,-0.27,0.01
6838,2025 Q2,0.43,0.05
6838,2025 Q3,-0.39,0.01
6838,2025 Q4,-0.31,0.03
6838,2026 Q1,-0.1,0.45
6854,2023 Q1,-1.42,0.97
6854,2023 Q2,-1.35,2.48
6854,2023 Q3,-0.82,3.53
6854,2023 Q4,-1.19,2.45
6854,2024 Q1,-0.8,2.06
6854,2024 Q2,-0.29,3.23
6854,2024 Q3,0.55,5.25
6854,2024 Q4,1.1,7.14
6854,2025 Q1,-0.48,3.0
6854,2025 Q2,-3.15,2.05
6854,2025 Q3,0.61,3.6
6854,2025 Q4,2.04,4.88
6854,2026 Q1,-2.14,1.36
6865,2023 Q1,0.33,1.17
6865,2023 Q2,0.98,1.14
6865,2023 Q3,0.45,1.22
6865,2023 Q4,0.19,1.65
6865,2024 Q1,0.14,1.18
6865,2024 Q2,0.54,1.21
6865,2024 Q3,0.47,1.21
6865,2024 Q4,1.0,1.58
6865,2025 Q1,0.25,1.1
6865,2025 Q2,0.65,1.19
6865,2025 Q3,0.5,1.02
6865,2025 Q4,0.13,0.97
6865,2026 Q1,-1.12,0.48
6869,2023 Q1,0.72,9.39
6869,2023 Q2,2.81,20.2
6869,2023 Q3,4.1,25.97
6869,2023 Q4,1.11,12.27
6869,2024 Q1,-0.02,10.02
6869,2024 Q2,1.11,10.13
6869,2024 Q3,0.05,6.19
6869,2024 Q4,7.77,11.59
6869,2025 Q1,-1.77,9.96
6869,2025 Q2,3.83,25.89
6869,2025 Q3,-0.49,19.06
6869,2025 Q4,-5.77,19.78
6869,2026 Q1,-0.99,16.64
6873,2023 Q1,0.82,5.98
6873,2023 Q2,1.47,14.47
6873,2023 Q3,0.93,9.76
6873,2023 Q4,5.13,28.18
6873,2024 Q1,0.46,8.84
6873,2024 Q2,1.1,12.72
6873,2024 Q3,4.1,38.45
6873,2024 Q4,5.38,41.25
6873,2025 Q1,0.68,14.67
6873,2025 Q2,0.71,18.89
6873,2025 Q3,0.26,20.5
6873,2025 Q4,2.02,33.74
6873,2026 Q1,0.25,14.24
6881,2023 Q2,4.21,6.0
6881,2023 Q3,3.88,4.34
6881,2023 Q4,2.88,4.87
6881,2024 Q1,3.16,4.19
6881,2024 Q2,3.42,4.58
6881,2024 Q3,4.55,5.38
6881,2024 Q4,4.31,5.9
6881,2025 Q1,3.88,5.76
6881,2025 Q2,4.63,6.11
6881,2025 Q3,4.49,6.35
6881,2025 Q4,6.42,6.42
6881,2026 Q1,5.23,6.44
6885,2023 Q2,-1.72,0.0
6885,2023 Q4,-7.84,0.0
6885,2024 Q1,-0.33,0.0
6885,2024 Q2,-1.14,0.0
6885,2024 Q3,-0.61,0.0
6885,2024 Q4,-0.95,0.0
6885,2025 Q1,-0.53,0.0
6885,2025 Q2,-0.92,0.02
6885,2025 Q3,-0.63,0.01
6885,2025 Q4,-1.24,0.03
6885,2026 Q1,-0.5,0.03
6902,2023 Q1,0.06,1.82
6902,2023 Q2,0.35,1.9
6902,2023 Q3,0.44,1.87
6902,2023 Q4,-0.69,2.12
6902,2024 Q1,0.36,2.07
6902,2024 Q2,-0.33,1.96
6902,2024 Q3,-1.16,2.16
6902,2024 Q4,-0.11,2.47
6902,2025 Q1,0.26,2.39
6902,2025 Q2,-0.23,2.41
6902,2025 Q3,0.2,2.67
6902,2025 Q4,1.35,3.01
6902,2026 Q1,1.64,3.03
6903,2023 Q1,5.62,8.29
6903,2023 Q2,3.35,6.84
6903,2023 Q3,3.42,6.7
6903,2023 Q4,3.23,6.85
6903,2024 Q1,3.19,8.1
6903,2024 Q2,2.93,9.38
6903,2024 Q3,1.68,5.75
6903,2024 Q4,1.56,5.64
6903,2025 Q1,1.0,4.2
6903,2025 Q2,1.79,6.49
6903,2025 Q3,2.7,9.0
6903,2025 Q4,5.13,16.35
6903,2026 Q1,6.72,19.26
6913,2023 Q2,2.13,9.06
6913,2023 Q4,3.05,9.11
6913,2024 Q1,0.64,4.2
6913,2024 Q2,1.04,5.19
6913,2024 Q3,1.12,5.72
6913,2024 Q4,1.97,6.52
6913,2025 Q1,1.12,5.79
6913,2025 Q2,0.78,6.48
6913,2025 Q3,1.57,7.27
6913,2025 Q4,0.93,6.78
6913,2026 Q1,1.58,7.12
6914,2023 Q2,4.56,20.27
6914,2023 Q3,2.25,10.98
6914,2023 Q4,2.3,11.48
6914,2024 Q1,2.06,11.12
6914,2024 Q2,1.75,11.44
6914,2024 Q3,1.46,11.87
6914,2024 Q4,1.9,12.73
6914,2025 Q1,2.16,13.15
6914,2025 Q2,2.13,13.84
6914,2025 Q3,3.1,15.24
6914,2025 Q4,2.22,14.56
6914,2026 Q1,2.34,14.36
6919,2023 Q2,-4.24,0.15
6919,2023 Q4,-4.94,0.24
6919,2024 Q1,-1.57,0.04
6919,2024 Q2,-1.27,0.08
6919,2024 Q3,-0.99,0.23
6919,2024 Q4,-0.3,0.09
6919,2025 Q1,-0.11,0.0
6919,2025 Q2,-0.16,0.12
6919,2025 Q3,-0.01,0.13
6919,2025 Q4,0.05,0.12
6919,2026 Q1,-0.07,0.0
6923,2023 Q2,1.82,5.66
6923,2023 Q4,3.08,7.06
6923,2024 Q1,0.88,4.4
6923,2024 Q2,1.68,5.59
6923,2024 Q3,1.43,4.02
6923,2024 Q4,0.8,3.16
6923,2025 Q1,0.8,2.92
6923,2025 Q2,0.55,2.8
6923,2025 Q3,0.73,2.87
6923,2025 Q4,0.95,2.96
6923,2026 Q1,0.84,3.05
6928,2023 Q2,1.04,15.85
6928,2023 Q3,1.95,12.55
6928,2023 Q4,0.45,8.82
6928,2024 Q1,0.33,5.17
6928,2024 Q2,-0.46,5.73
6928,2024 Q3,-0.33,4.5
6928,2024 Q4,-0.31,4.82
6928,2025 Q1,0.23,6.11
6928,2025 Q2,-0.1,5.36
6928,2025 Q3,-0.23,4.82
6928,2025 Q4,-0.63,3.41
6928,2026 Q1,-0.04,5.48
6951,2023 Q2,1.01,2.29
6951,2023 Q3,0.63,1.24
6951,2023 Q4,0.97,1.34
6951,2024 Q1,0.73,1.31
6951,2024 Q2,1.0,1.58
6951,2024 Q3,1.63,2.08
6951,2024 Q4,1.46,2.02
6951,2025 Q1,1.12,1.73
6951,2025 Q2,1.28,1.88
6951,2025 Q3,1.86,2.51
6951,2025 Q4,1.13,2.54
6951,2026 Q1,1.49,2.1
6952,2023 Q2,-0.3,4.68
6952,2023 Q3,0.69,3.19
6952,2023 Q4,0.82,3.62
6952,2024 Q1,0.72,3.38
6952,2024 Q2,0.23,2.88
6952,2024 Q3,0.29,2.99
6952,2024 Q4,0.24,2.93
6952,2025 Q1,-1.65,2.24
6952,2025 Q2,-0.28,6.26
6952,2025 Q3,0.09,5.45
6952,2025 Q4,0.64,5.49
6952,2026 Q1,0.32,5.62
6953,2023 Q2,4.85,6.45
6953,2023 Q3,3.06,3.71
6953,2023 Q4,0.45,1.91
6953,2024 Q1,1.87,3.31
6953,2024 Q2,1.86,3.62
6953,2024 Q3,2.3,3.07
6953,2024 Q4,2.2,3.02
6953,2025 Q1,1.53,2.47
6953,2025 Q2,1.64,3.45
6953,2025 Q3,2.35,3.37
6953,2025 Q4,2.46,3.95
6953,2026 Q1,1.26,2.65
6955,2023 Q2,0.35,0.64
6955,2023 Q4,1.51,0.96
6955,2024 Q1,0.83,0.48
6955,2024 Q2,0.84,0.55
6955,2024 Q3,0.71,0.57
6955,2024 Q4,1.17,0.63
6955,2025 Q1,1.12,0.71
6955,2025 Q2,1.06,0.8
6955,2025 Q3,1.04,0.73
6955,2025 Q4,1.2,0.82
6955,2026 Q1,0.97,0.84
6958,2023 Q2,1.05,50.09
6958,2023 Q3,0.37,27.58
6958,2023 Q4,0.05,28.36
6958,2024 Q1,0.31,29.23
6958,2024 Q2,0.5,28.49
6958,2024 Q3,0.41,30.16
6958,2024 Q4,-0.08,28.91
6958,2025 Q1,-0.3,28.94
6958,2025 Q2,-0.55,27.68
6958,2025 Q3,-0.88,25.92
6958,2025 Q4,-0.67,25.96
6958,2026 Q1,0.2,25.67
6967,2023 Q2,2.37,6.49
6967,2023 Q4,4.56,6.85
6967,2024 Q1,0.92,2.93
6967,2024 Q2,0.92,3.63
6967,2024 Q3,0.88,3.8
6967,2024 Q4,0.65,3.06
6967,2025 Q1,0.63,2.95
6967,2025 Q2,0.8,3.44
6967,2025 Q3,1.45,3.86
6967,2025 Q4,1.15,3.9
6967,2026 Q1,1.07,3.79
6968,2023 Q2,1.34,12.32
6968,2023 Q4,2.17,13.12
6968,2024 Q1,0.92,7.1
6968,2024 Q2,0.5,6.86
6968,2024 Q3,0.21,7.19
6968,2024 Q4,0.82,7.63
6968,2025 Q1,0.94,7.85
6968,2025 Q2,0.5,7.87
6968,2025 Q3,0.25,7.85
6968,2025 Q4,0.82,8.54
6968,2026 Q1,0.96,9.21
6982,2023 Q2,1.42,7.14
6982,2023 Q4,2.07,6.91
6982,2024 Q1,0.66,3.64
6982,2024 Q2,1.15,4.49
6982,2024 Q3,0.8,4.14
6982,2024 Q4,0.19,3.86
6982,2025 Q1,0.8,4.29
6982,2025 Q2,0.03,4.23
6982,2025 Q3,-0.19,3.61
6982,2025 Q4,-0.58,4.04
6982,2026 Q1,0.1,4.83
6996,2023 Q2,5.0,12.49
6996,2023 Q4,11.74,14.08
6996,2024 Q1,3.58,6.82
6996,2024 Q2,4.56,7.79
6996,2024 Q3,4.34,7.84
6996,2024 Q4,2.89,7.24
6996,2025 Q1,2.4,6.24
6996,2025 Q2,2.43,6.17
6996,2025 Q3,2.92,6.58
6996,2025 Q4,4.41,7.91
6996,2026 Q1,3.27,7.2
6997,2023 Q2,2.24,23.2
6997,2023 Q4,4.6,24.28
6997,2024 Q1,1.66,9.43
6997,2024 Q2,2.13,10.15
6997,2024 Q3,1.42,10.3
6997,2024 Q4,0.9,10.15
6997,2025 Q1,1.44,10.49
6997,2025 Q2,0.79,10.37
6997,2025 Q3,0.95,11.22
6997,2025 Q4,1.93,12.44
6997,2026 Q1,-2.31,11.21
6999,2023 Q4,1.25,0.97
6999,2024 Q2,0.6,0.52
6999,2024 Q4,1.31,0.63
6999,2025 Q2,0.52,0.61
6999,2025 Q4,1.03,0.65
7584,2023 Q2,5.6,3.03
7584,2023 Q4,5.94,2.76
7584,2024 Q1,1.4,1.51
7584,2024 Q2,0.42,2.56
7584,2024 Q3,2.66,3.24
7584,2024 Q4,-0.53,2.81
7584,2025 Q1,1.54,3.02
7584,2025 Q2,-0.94,2.25
7584,2025 Q3,-1.35,2.14
7584,2025 Q4,-1.23,2.18
7584,2026 Q1,-1.23,2.25
7703,2023 Q2,6.27,9.95
7703,2023 Q4,9.08,7.84
7703,2024 Q1,2.0,3.84
7703,2024 Q2,1.27,4.66
7703,2024 Q3,1.53,4.69
7703,2024 Q4,2.61,6.33
7703,2025 Q1,1.96,5.0
7703,2025 Q2,2.84,6.78
7703,2025 Q3,1.94,6.01
7703,2025 Q4,1.98,7.87
7703,2026 Q1,1.08,5.4
7704,2023 Q2,1.98,3.75
7704,2023 Q4,3.55,3.53
7704,2024 Q1,0.74,1.83
7704,2024 Q2,1.12,2.05
7704,2024 Q3,0.64,1.86
7704,2024 Q4,0.41,1.86
7704,2025 Q1,0.49,1.59
7704,2025 Q2,0.3,1.83
7704,2025 Q3,0.56,1.59
7704,2025 Q4,0.72,1.69
7704,2026 Q1,0.7,1.75
7705,2023 Q2,2.0,28.48
7705,2023 Q4,3.11,29.24
7705,2024 Q1,1.24,15.26
7705,2024 Q2,1.85,15.97
7705,2024 Q3,1.1,16.59
7705,2024 Q4,-0.08,15.42
7705,2025 Q1,0.05,15.11
7705,2025 Q2,0.35,16.35
7705,2025 Q3,0.96,17.19
7705,2025 Q4,0.57,16.69
7705,2026 Q1,0.35,16.04
7708,2023 Q2,1.66,10.8
7708,2023 Q4,4.31,10.96
7708,2024 Q1,1.42,5.63
7708,2024 Q2,1.37,5.83
7708,2024 Q3,1.79,6.35
7708,2024 Q4,0.8,5.98
7708,2025 Q1,1.55,6.46
7708,2025 Q2,1.54,6.58
7708,2025 Q3,1.96,7.12
7708,2025 Q4,1.41,7.07
7708,2026 Q1,1.92,7.22
7712,2023 Q2,2.01,6.51
7712,2023 Q4,4.47,6.79
7712,2024 Q1,2.86,3.3
7712,2024 Q2,2.29,3.83
7712,2024 Q3,1.68,3.51
7712,2024 Q4,1.56,3.39
7712,2025 Q1,1.32,3.16
7712,2025 Q2,0.64,3.67
7712,2025 Q3,1.61,3.13
7712,2025 Q4,1.85,3.2
7712,2026 Q1,1.42,3.3
7722,2023 Q2,3.94,21.99
7722,2023 Q4,8.09,27.3
7722,2024 Q1,3.46,14.6
7722,2024 Q2,2.65,14.76
7722,2024 Q3,1.87,15.95
7722,2024 Q4,2.68,17.66
7722,2025 Q1,2.39,18.16
7722,2025 Q2,1.02,18.63
7722,2025 Q3,2.65,20.15
7722,2025 Q4,1.4,21.78
7722,2026 Q1,1.97,20.97
7751,2023 Q4,6.65,8.86
7751,2024 Q2,6.3,5.61
7751,2024 Q4,12.02,5.84
7751,2025 Q1,4.01,3.57
7751,2025 Q2,4.07,4.48
7751,2025 Q3,6.16,5.07
7751,2025 Q4,6.2,5.48
7751,2026 Q1,7.0,6.18
8041,2023 Q2,0.61,2.88
8041,2023 Q4,0.23,2.42
8041,2024 Q2,1.44,3.29
8044,2023 Q1,-0.96,102.03
8044,2023 Q2,-0.69,90.76
8044,2023 Q3,-1.16,97.57
8044,2023 Q4,-2.19,122.5
8044,2024 Q1,-0.54,96.5
8044,2024 Q2,-0.75,84.54
8044,2024 Q3,-1.21,84.51
8044,2024 Q4,-1.59,110.08
8044,2025 Q1,-0.79,89.5
8044,2025 Q2,-1.1,84.0
8044,2025 Q3,-0.66,85.32
8044,2025 Q4,-2.07,109.77
8044,2026 Q1,-0.39,95.89
8045,2023 Q2,0.55,6.36
8045,2023 Q4,5.0,16.9
8045,2024 Q1,1.48,5.54
8045,2024 Q2,0.5,4.42
8045,2024 Q3,0.07,3.91
8045,2024 Q4,0.4,3.49
8045,2025 Q1,0.06,3.11
8045,2025 Q2,-0.02,3.35
8045,2025 Q3,0.4,3.53
8045,2025 Q4,0.21,1.97
8045,2026 Q1,0.11,4.43
8066,2023 Q1,-0.09,9.88
8066,2023 Q2,0.25,11.6
8066,2023 Q3,0.23,13.79
8066,2023 Q4,0.35,13.86
8066,2024 Q1,0.16,10.93
8066,2024 Q2,-0.09,12.21
8066,2024 Q3,-0.4,13.21
8066,2024 Q4,0.09,14.03
8066,2025 Q1,0.2,10.71
8066,2025 Q2,-1.37,11.61
8066,2025 Q3,-1.18,11.1
8066,2025 Q4,-1.14,10.78
8066,2026 Q1,-0.91,8.45
8077,2023 Q1,-0.89,1.96
8077,2023 Q2,0.46,2.38
8077,2023 Q3,0.63,2.43
8077,2023 Q4,2.06,3.01
8077,2024 Q1,1.62,2.76
8077,2024 Q2,0.47,2.5
8077,2024 Q3,0.19,2.38
8077,2024 Q4,2.11,3.03
8077,2025 Q1,1.46,2.62
8077,2025 Q2,1.06,2.6
8077,2025 Q3,0.34,2.44
8077,2025 Q4,3.17,3.16
8077,2026 Q1,1.95,2.7
8080,2023 Q1,0.12,0.56
8080,2023 Q2,0.15,0.53
8080,2023 Q3,0.02,0.48
8080,2023 Q4,-0.02,0.32
8080,2024 Q1,-0.24,0.32
8080,2024 Q2,-0.54,0.42
8080,2024 Q3,0.12,0.38
8080,2024 Q4,0.0,0.5
8080,2025 Q1,0.11,0.6
8080,2025 Q2,0.14,0.49
8080,2025 Q3,-0.06,0.41
8080,2025 Q4,-0.08,0.48
8080,2026 Q1,0.02,0.27
8087,2023 Q1,0.16,0.18
8087,2023 Q2,-0.42,0.59
8087,2023 Q3,4.25,0.41
8087,2023 Q4,0.11,0.86
8087,2024 Q1,0.62,3.42
8087,2024 Q2,-0.14,2.3
8087,2024 Q3,-0.24,0.68
8087,2024 Q4,0.39,1.38
8087,2025 Q1,-0.15,0.93
8087,2025 Q2,-0.61,0.36
8087,2025 Q3,-0.4,0.89
8087,2025 Q4,-0.16,0.34
8087,2026 Q1,0.86,2.77
8091,2023 Q1,1.36,4.3
8091,2023 Q2,1.85,4.7
8091,2023 Q3,1.77,4.41
8091,2023 Q4,0.99,4.65
8091,2024 Q1,2.17,4.82
8091,2024 Q2,1.93,5.17
8091,2024 Q3,1.76,5.16
8091,2024 Q4,1.66,4.87
8091,2025 Q1,1.2,4.72
8091,2025 Q2,0.74,5.51
8091,2025 Q3,2.04,5.58
8091,2025 Q4,1.93,5.57
8091,2026 Q1,2.56,6.52
8171,2023 Q1,0.1,2.6
8171,2023 Q2,-0.1,2.26
8171,2023 Q3,0.16,1.95
8171,2023 Q4,-0.67,2.34
8171,2024 Q1,0.17,2.78
8171,2024 Q2,-0.12,2.89
8171,2024 Q3,-0.52,2.73
8171,2024 Q4,-0.82,1.14
8171,2025 Q1,-2.1,0.8
8171,2025 Q2,-2.05,0.59
8171,2025 Q3,-0.27,0.6
8171,2025 Q4,-1.04,1.16
8171,2026 Q1,-0.2,0.93
8272,2023 Q2,0.84,1.47
8272,2023 Q4,4.79,2.75
8272,2024 Q1,0.28,0.68
8272,2024 Q2,0.79,0.95
8272,2024 Q3,0.74,0.95
8272,2024 Q4,2.23,1.56
8272,2025 Q1,0.25,0.77
8272,2025 Q2,1.27,1.21
8272,2025 Q3,0.98,1.19
8272,2025 Q4,2.16,1.61
8272,2026 Q1,0.39,0.8
8341,2023 Q1,1.2,8.29
8341,2023 Q2,0.38,8.01
8341,2023 Q3,1.0,7.92
8341,2023 Q4,0.8,8.34
8341,2024 Q1,0.46,7.63
8341,2024 Q2,1.01,9.49
8341,2024 Q3,1.21,9.89
8341,2024 Q4,1.0,9.96
8341,2025 Q1,1.29,9.65
8341,2025 Q2,0.93,9.14
8341,2025 Q3,1.38,10.69
8341,2025 Q4,0.88,10.42
8341,2026 Q1,1.51,10.95
8354,2023 Q1,-0.03,1.54
8354,2023 Q2,0.35,1.5
8354,2023 Q3,0.75,1.62
8354,2023 Q4,-0.28,1.48
8354,2024 Q1,0.83,1.62
8354,2024 Q2,0.42,1.54
8354,2024 Q3,-0.08,1.66
8354,2024 Q4,0.41,1.58
8354,2025 Q1,0.04,1.62
8354,2025 Q2,-1.23,1.64
8354,2025 Q3,0.75,1.53
8354,2025 Q4,0.57,1.65
8354,2026 Q1,0.3,1.73
8390,2023 Q1,1.25,8.93
8390,2023 Q2,3.01,9.15
8390,2023 Q3,0.78,9.48
8390,2023 Q4,0.53,9.02
8390,2024 Q1,1.09,9.43
8390,2024 Q2,1.57,13.17
8390,2024 Q3,1.09,14.41
8390,2024 Q4,1.08,12.36
8390,2025 Q1,1.22,11.06
8390,2025 Q2,1.52,13.02
8390,2025 Q3,2.37,9.9
8390,2025 Q4,1.49,12.37
8390,2026 Q1,2.87,16.53
8418,2023 Q1,-0.22,3.31
8418,2023 Q2,-1.1,3.87
8418,2023 Q3,-0.55,4.75
8420,2023 Q1,3.1,9.88
8420,2023 Q2,3.14,10.57
8420,2023 Q3,-19.21,7.31
8420,2023 Q4,-4.43,0.36
8420,2024 Q1,-0.95,0.71
8420,2024 Q2,5.24,2.74
8420,2024 Q3,-0.26,3.55
8422,2023 Q1,2.88,12.86
8422,2023 Q2,2.83,12.43
8422,2023 Q3,1.36,6.79
8422,2023 Q4,2.05,10.57
8422,2024 Q1,2.26,12.8
8422,2024 Q2,2.51,14.5
8422,2024 Q3,2.6,11.42
8422,2024 Q4,3.33,12.97
8422,2025 Q1,3.97,14.61
8422,2025 Q2,4.03,12.69
8422,2025 Q3,2.48,10.56
8422,2025 Q4,-9.18,9.94
8422,2026 Q1,0.21,11.14
8423,2023 Q1,0.06,0.73
8423,2023 Q2,0.41,0.91
8423,2023 Q3,0.3,0.83
8423,2023 Q4,0.21,0.79
8423,2024 Q1,0.26,0.87
8423,2024 Q2,0.22,0.92
8423,2024 Q3,-0.02,1.02
8423,2024 Q4,0.2,0.89
8423,2025 Q1,0.14,0.96
8423,2025 Q2,0.13,0.98
8423,2025 Q3,0.22,0.87
8423,2025 Q4,0.24,0.95
8423,2026 Q1,0.26,0.99
8433,2023 Q1,1.23,6.26
8433,2023 Q2,3.11,9.27
8433,2023 Q3,3.18,8.78
8433,2023 Q4,1.82,10.35
8433,2024 Q1,2.61,7.29
8433,2024 Q2,2.74,9.81
8433,2024 Q3,1.38,9.3
8433,2024 Q4,3.14,9.69
8433,2025 Q1,1.68,7.73
8433,2025 Q2,-2.98,7.76
8433,2025 Q3,2.02,8.85
8433,2025 Q4,2.46,10.49
8433,2026 Q1,1.37,8.37
8438,2023 Q1,0.21,7.48
8438,2023 Q2,0.28,7.89
8438,2023 Q3,0.38,7.57
8438,2023 Q4,0.41,7.65
8438,2024 Q1,0.36,6.97
8438,2024 Q2,0.77,9.18
8438,2024 Q3,0.64,9.24
8438,2024 Q4,0.44,8.67
8438,2025 Q1,0.49,8.66
8438,2025 Q2,0.15,9.32
8438,2025 Q3,0.57,9.99
8438,2025 Q4,0.89,10.45
8438,2026 Q1,1.02,11.67
8440,2023 Q1,0.6,2.14
8440,2023 Q2,0.22,2.2
8440,2023 Q3,0.27,2.37
8440,2023 Q4,0.24,2.39
8440,2024 Q1,0.05,2.14
8440,2024 Q2,0.29,2.44
8440,2024 Q3,0.08,2.46
8440,2024 Q4,0.13,2.68
8440,2025 Q1,-0.02,2.43
8440,2025 Q2,0.01,2.38
8440,2025 Q3,0.08,2.35
8440,2025 Q4,0.24,1.97
8440,2026 Q1,0.22,1.8
8454,2023 Q1,4.07,251.2
8454,2023 Q2,3.85,262.12
8454,2023 Q3,3.12,250.75
8454,2023 Q4,4.78,328.36
8454,2024 Q1,3.78,268.78
8454,2024 Q2,3.2,266.57
8454,2024 Q3,2.64,255.53
8454,2024 Q4,4.4,334.76
8454,2025 Q1,3.41,264.05
8454,2025 Q2,2.58,260.31
8454,2025 Q3,2.11,245.56
8454,2025 Q4,3.48,316.74
8454,2026 Q1,2.43,265.93
8462,2023 Q1,-0.31,9.5
8462,2023 Q2,0.39,10.64
8462,2023 Q3,0.69,11.36
8462,2023 Q4,0.73,11.45
8462,2024 Q1,0.62,11.43
8462,2024 Q2,1.17,12.77
8462,2024 Q3,1.23,13.45
8462,2024 Q4,1.75,13.59
8462,2025 Q1,1.55,13.54
8462,2025 Q2,1.99,14.75
8462,2025 Q3,2.15,15.99
8462,2025 Q4,2.8,16.37
8462,2026 Q1,2.42,16.27
8464,2023 Q1,3.85,60.65
8464,2023 Q2,4.62,67.1
8464,2023 Q3,5.41,69.04
8464,2023 Q4,4.85,72.35
8464,2024 Q1,4.88,63.13
8464,2024 Q2,6.04,74.14
8464,2024 Q3,6.04,78.6
8464,2024 Q4,6.6,79.49
8464,2025 Q1,6.07,72.73
8464,2025 Q2,3.93,77.07
8464,2025 Q3,5.83,73.17
8464,2025 Q4,6.7,76.72
8464,2026 Q1,5.62,73.05
8467,2023 Q1,0.64,4.15
8467,2023 Q2,2.56,4.69
8467,2023 Q3,2.58,6.09
8467,2023 Q4,1.9,4.95
8467,2024 Q1,1.72,5.19
8467,2024 Q2,3.48,6.73
8467,2024 Q3,2.82,6.22
8467,2024 Q4,3.48,6.57
8467,2025 Q1,2.6,6.03
8467,2025 Q2,3.65,6.98
8467,2025 Q3,3.18,7.03
8467,2025 Q4,0.61,4.28
8467,2026 Q1,0.83,5.62
8472,2023 Q1,-0.24,0.85
8472,2023 Q2,-1.27,0.89
8472,2023 Q3,-1.52,0.98
8472,2023 Q4,0.11,1.17
8472,2024 Q1,-1.7,0.87
8472,2024 Q2,-0.76,0.8
8472,2024 Q3,-0.93,0.85
8472,2024 Q4,-1.03,0.86
8472,2025 Q1,-1.07,0.8
8472,2025 Q2,-0.25,1.41
8472,2025 Q3,-0.15,1.34
8472,2025 Q4,0.17,1.23
8472,2026 Q1,-0.26,1.23
8473,2023 Q1,-0.15,9.49
8473,2023 Q2,-0.08,10.49
8473,2023 Q3,0.25,8.32
8473,2023 Q4,0.24,8.49
8473,2024 Q1,0.81,7.45
8473,2024 Q2,0.21,6.7
8473,2024 Q3,-0.01,7.98
8473,2024 Q4,0.03,11.74
8473,2025 Q1,0.92,11.69
8473,2025 Q2,0.59,9.53
8473,2025 Q3,0.54,14.81
8473,2025 Q4,0.5,15.21
8473,2026 Q1,1.23,12.9
8476,2023 Q1,0.18,2.36
8476,2023 Q2,3.24,6.66
8476,2023 Q3,0.98,3.68
8476,2023 Q4,0.06,2.74
8476,2024 Q1,0.52,3.2
8476,2024 Q2,2.09,5.94
8476,2024 Q3,0.69,3.84
8476,2024 Q4,-0.38,2.22
8476,2025 Q1,0.11,2.36
8476,2025 Q2,0.25,4.03
8476,2025 Q3,0.1,2.8
8476,2025 Q4,0.05,2.94
8476,2026 Q1,0.0,3.26
8477,2023 Q1,-0.5,3.68
8477,2023 Q2,-0.6,3.08
8477,2023 Q3,-1.05,3.05
8477,2023 Q4,-1.37,3.31
8477,2024 Q1,-0.57,2.87
8477,2024 Q2,-1.92,2.36
8477,2024 Q3,-0.57,1.77
8477,2024 Q4,-0.56,1.77
8477,2025 Q1,-0.56,1.4
8477,2025 Q2,0.1,1.17
8477,2025 Q3,-0.16,0.83
8477,2025 Q4,-0.3,0.76
8477,2026 Q1,-0.03,0.83
8478,2023 Q1,7.0,15.87
8478,2023 Q2,5.68,14.52
8478,2023 Q3,4.84,16.49
8478,2023 Q4,6.14,16.37
8478,2024 Q1,6.08,18.2
8478,2024 Q2,5.93,17.09
8478,2024 Q3,1.63,9.38
8478,2024 Q4,-3.13,4.76
8478,2025 Q1,0.63,9.46
8478,2025 Q2,4.59,16.69
8478,2025 Q3,5.42,15.46
8478,2025 Q4,2.61,10.7
8478,2026 Q1,3.8,14.3
8482,2023 Q1,0.31,9.0
8482,2023 Q2,1.32,8.92
8482,2023 Q3,1.43,9.55
8482,2023 Q4,-0.19,8.65
8482,2024 Q1,0.83,7.63
8482,2024 Q2,1.25,9.55
8482,2024 Q3,1.08,9.8
8482,2024 Q4,1.2,9.98
8482,2025 Q1,0.6,8.47
8482,2025 Q2,0.35,8.01
8482,2025 Q3,0.79,9.2
8482,2025 Q4,0.56,8.57
8482,2026 Q1,0.66,8.94
8489,2023 Q1,-0.14,3.2
8489,2023 Q2,-0.43,3.13
8489,2023 Q3,-0.13,3.69
8489,2023 Q4,-0.28,3.39
8489,2024 Q1,-0.24,3.34
8489,2024 Q2,-0.64,3.25
8489,2024 Q3,-0.27,3.66
8489,2024 Q4,-0.08,3.39
8489,2025 Q1,-0.11,3.05
8489,2025 Q2,-0.38,3.07
8489,2025 Q3,0.03,3.73
8489,2025 Q4,-0.3,4.48
8489,2026 Q1,0.38,4.78
8499,2023 Q1,1.49,3.87
8499,2023 Q2,2.89,5.12
8499,2023 Q3,2.58,4.8
8499,2023 Q4,2.04,4.69
8499,2024 Q1,2.42,4.12
8499,2024 Q2,1.99,5.25
8499,2024 Q3,2.3,5.46
8499,2024 Q4,4.43,5.55
8499,2025 Q1,2.76,5.18
8499,2025 Q2,0.65,5.13
8499,2025 Q3,2.93,7.47
8499,2025 Q4,3.79,11.34
8499,2026 Q1,2.61,9.1
8924,2023 Q1,1.18,13.01
8924,2023 Q2,1.74,9.6
8924,2023 Q3,0.7,10.26
8924,2023 Q4,1.24,10.81
8924,2024 Q1,1.17,10.03
8924,2024 Q2,2.06,13.98
8924,2024 Q3,1.09,12.58
8924,2024 Q4,1.34,9.79
8924,2025 Q1,0.68,8.76
8924,2025 Q2,1.63,10.09
8924,2025 Q3,1.7,13.59
8924,2025 Q4,1.62,13.88
8924,2026 Q1,0.05,10.11
8928,2023 Q1,1.11,8.73
8928,2023 Q2,0.01,4.25
8928,2023 Q3,-0.98,3.61
8928,2023 Q4,-0.84,9.38
8928,2024 Q1,1.45,8.9
8928,2024 Q2,0.56,7.11
8928,2024 Q3,-0.25,5.27
8928,2024 Q4,0.99,10.39
8928,2025 Q1,1.5,10.38
8928,2025 Q2,-1.63,7.19
8928,2025 Q3,0.27,6.31
8928,2025 Q4,1.27,10.32
8928,2026 Q1,0.66,7.55
8933,2023 Q1,-0.17,10.43
8933,2023 Q2,-0.17,8.59
8933,2023 Q3,-0.15,9.23
8933,2023 Q4,-0.48,8.29
8933,2024 Q1,-0.07,6.27
8933,2024 Q2,-0.08,7.2
8933,2024 Q3,-0.15,5.6
8933,2024 Q4,-0.43,7.44
8933,2025 Q1,-0.22,7.44
8933,2025 Q2,-0.5,7.16
8933,2025 Q3,-0.38,4.52
8933,2025 Q4,-0.29,2.82
8933,2026 Q1,-0.3,4.87
8938,2023 Q1,1.87,49.84
8938,2023 Q2,1.14,31.08
8938,2023 Q3,-2.8,25.8
8938,2023 Q4,0.32,36.27
8938,2024 Q1,3.02,37.84
8938,2024 Q2,2.32,31.4
8938,2024 Q3,-0.5,28.76
8938,2024 Q4,2.67,43.93
8938,2025 Q1,4.35,45.52
8938,2025 Q2,-2.15,33.32
8938,2025 Q3,1.37,28.02
8938,2025 Q4,2.62,47.22
8938,2026 Q1,1.33,41.01
8940,2023 Q1,0.74,4.16
8940,2023 Q2,0.07,3.17
8940,2023 Q3,-0.1,2.89
8940,2023 Q4,0.87,5.2
8940,2024 Q1,1.15,6.28
8940,2024 Q2,-1.46,3.09
8940,2024 Q3,-0.31,2.98
8940,2024 Q4,0.74,4.62
8940,2025 Q1,1.26,6.0
8940,2025 Q2,-0.29,3.04
8940,2025 Q3,-0.95,2.03
8940,2025 Q4,0.53,4.8
8940,2026 Q1,1.34,6.24
8941,2023 Q1,-0.71,5.61
8941,2023 Q2,4.74,8.0
8941,2023 Q3,1.42,7.38
8941,2023 Q4,0.9,7.99
8941,2024 Q1,0.43,6.51
8941,2024 Q2,2.89,8.71
8941,2024 Q3,1.43,8.22
8941,2024 Q4,0.74,8.06
8941,2025 Q1,1.59,7.07
8941,2025 Q2,-1.16,8.04
8941,2025 Q3,0.05,7.18
8941,2025 Q4,0.68,7.53
8941,2026 Q1,1.36,7.47
9802,2023 Q1,2.5,50.54
9802,2023 Q2,3.27,46.16
9802,2023 Q3,1.78,35.43
9802,2023 Q4,0.33,36.81
9802,2024 Q1,1.48,26.59
9802,2024 Q2,2.14,39.65
9802,2024 Q3,0.54,35.99
9802,2024 Q4,3.07,43.88
9802,2025 Q1,1.26,36.68
9802,2025 Q2,1.5,52.32
9802,2025 Q3,1.5,38.19
9802,2025 Q4,1.79,45.75
9802,2026 Q1,0.89,36.75
9904,2023 Q1,0.34,643.67
9904,2023 Q2,1.19,630.95
9904,2023 Q3,2.06,582.96
9904,2023 Q4,0.02,608.76
9904,2024 Q1,1.58,632.89
9904,2024 Q2,1.16,653.27
9904,2024 Q3,1.94,668.04
9904,2024 Q4,0.76,683.98
9904,2025 Q1,1.22,670.3
9904,2025 Q2,0.53,627.76
9904,2025 Q3,1.28,588.25
9904,2025 Q4,1.07,627.69
9904,2026 Q1,0.76,630.92
9910,2023 Q1,0.85,195.03
9910,2023 Q2,1.21,206.56
9910,2023 Q3,1.71,230.73
9910,2023 Q4,1.36,225.35
9910,2024 Q1,1.29,206.16
9910,2024 Q2,1.6,222.67
9910,2024 Q3,1.45,227.19
9910,2024 Q4,1.6,218.85
9910,2025 Q1,1.16,207.23
9910,2025 Q2,0.73,204.0
9910,2025 Q3,1.76,216.8
9910,2025 Q4,1.45,207.09
9910,2026 Q1,0.68,192.35
9911,2023 Q1,1.0,19.43
9911,2023 Q2,0.89,18.91
9911,2023 Q3,1.45,21.34
9911,2023 Q4,1.56,23.04
9911,2024 Q1,1.63,24.16
9911,2024 Q2,1.41,22.98
9911,2024 Q3,1.53,24.63
9911,2024 Q4,1.38,24.24
9911,2025 Q1,1.74,27.6
9911,2025 Q2,1.3,24.04
9911,2025 Q3,1.52,25.55
9911,2025 Q4,1.7,25.55
9911,2026 Q1,1.87,29.1
9914,2023 Q1,1.89,83.87
9914,2023 Q2,2.25,74.59
9914,2023 Q3,2.54,66.88
9914,2023 Q4,-1.01,47.27
9914,2024 Q1,1.39,58.45
9914,2024 Q2,2.19,93.23
9914,2024 Q3,2.31,86.64
9914,2024 Q4,-8.23,58.01
9914,2025 Q1,1.4,75.68
9914,2025 Q2,1.32,70.05
9914,2025 Q3,2.09,72.23
9914,2025 Q4,-0.8,49.62
9914,2026 Q1,1.09,53.23
9921,2023 Q1,2.13,201.19
9921,2023 Q2,3.02,224.64
9921,2023 Q3,2.81,195.17
9921,2023 Q4,0.72,148.53
9921,2024 Q1,1.33,160.63
9921,2024 Q2,2.94,211.66
9921,2024 Q3,1.27,204.58
9921,2024 Q4,-2.32,135.92
9921,2025 Q1,0.94,168.51
9921,2025 Q2,0.48,157.54
9921,2025 Q3,0.89,153.55
9921,2025 Q4,-0.47,122.94
9921,2026 Q1,-0.51,125.24
9924,2023 Q1,0.51,17.74
9924,2023 Q2,1.19,21.1
9924,2023 Q3,2.14,26.69
9924,2023 Q4,1.18,25.21
9924,2024 Q1,1.3,19.08
9924,2024 Q2,1.24,19.71
9924,2024 Q3,1.16,22.24
9924,2024 Q4,1.13,19.36
9924,2025 Q1,1.06,17.69
9924,2025 Q2,-0.25,19.27
9924,2025 Q3,1.42,19.77
9924,2025 Q4,0.94,17.1
9924,2026 Q1,0.54,14.83
9930,2023 Q1,0.74,30.34
9930,2023 Q2,0.91,32.48
9930,2023 Q3,0.86,30.35
9930,2023 Q4,0.87,30.78
9930,2024 Q1,1.18,29.39
9930,2024 Q2,1.18,33.81
9930,2024 Q3,1.13,34.2
9930,2024 Q4,1.18,35.51
9930,2025 Q1,1.33,34.62
9930,2025 Q2,1.37,36.82
9930,2025 Q3,1.15,33.22
9930,2025 Q4,1.11,35.26
9930,2026 Q1,1.1,32.87
9934,2023 Q1,0.12,45.23
9934,2023 Q2,0.41,46.86
9934,2023 Q3,0.46,47.99
9934,2023 Q4,0.51,43.07
9934,2024 Q1,0.3,43.22
9934,2024 Q2,0.54,48.79
9934,2024 Q3,0.01,45.57
9934,2024 Q4,0.3,44.04
9934,2025 Q1,0.06,43.99
9934,2025 Q2,0.15,43.25
9934,2025 Q3,-0.33,43.01
9934,2025 Q4,-0.17,43.66
9934,2026 Q1,0.28,46.76
9935,2023 Q1,-0.18,9.2
9935,2023 Q2,0.12,10.17
9935,2023 Q3,0.49,13.24
9935,2023 Q4,0.17,12.86
9935,2024 Q1,0.5,11.18
9935,2024 Q2,0.56,12.88
9935,2024 Q3,0.65,15.64
9935,2024 Q4,0.68,14.28
9935,2025 Q1,0.51,11.88
9935,2025 Q2,-0.21,11.81
9935,2025 Q3,0.71,13.11
9935,2025 Q4,0.63,12.61
9935,2026 Q1,0.51,12.07
9943,2023 Q1,2.87,7.51
9943,2023 Q2,2.32,6.83
9943,2023 Q3,2.37,6.84
9943,2023 Q4,1.25,6.53
9943,2024 Q1,2.8,6.88
9943,2024 Q2,1.68,6.43
9943,2024 Q3,1.35,6.25
9943,2024 Q4,1.91,6.46
9943,2025 Q1,1.95,6.91
9943,2025 Q2,-0.03,5.61
9943,2025 Q3,1.13,5.66
9943,2025 Q4,2.35,5.96
9943,2026 Q1,1.88,6.31
9955,2023 Q1,-0.31,2.63
9955,2023 Q2,-0.02,3.4
9955,2023 Q3,-0.2,2.62
9955,2023 Q4,-0.26,2.75
9955,2024 Q1,-0.31,2.73
9955,2024 Q2,-0.24,3.52
9955,2024 Q3,-0.21,2.89
9955,2024 Q4,-0.82,2.81
9955,2025 Q1,-0.12,2.74
9955,2025 Q2,-0.29,4.21
9955,2025 Q3,0.04,3.82
9955,2025 Q4,0.91,4.3
9955,2026 Q1,0.05,4.46
9960,2023 Q1,0.59,1.81
9960,2023 Q2,0.37,1.71
9960,2023 Q3,0.97,2.25
9960,2023 Q4,0.58,2.31
9960,2024 Q1,0.52,1.46
9960,2024 Q2,0.44,1.71
9960,2024 Q3,0.52,1.95
9960,2024 Q4,0.54,1.92
9960,2025 Q1,0.41,1.8
9960,2025 Q2,0.04,1.38
9960,2025 Q3,0.6,1.75
9960,2025 Q4,0.7,1.87
9960,2026 Q1,0.53,1.85
